Spotify URI,Voter ID,Created,Points Assigned,Comment,Round ID
spotify:track:0yBtulrsV3HXyYt4bxNp7L,026acc5a18a94f2bb1097778a32a4dae,2026-04-10T09:27:52Z,1,,c898d590c85d493c92ecc2d59758ace3
spotify:track:2TrfJeL9x2ZEp1J4OpOGWf,026acc5a18a94f2bb1097778a32a4dae,2026-04-10T09:27:52Z,1,,c898d590c85d493c92ecc2d59758ace3
spotify:track:4rjLETqzIS7Jy9LP6yZyo0,026acc5a18a94f2bb1097778a32a4dae,2026-04-10T09:27:52Z,1,,c898d590c85d493c92ecc2d59758ace3
spotify:track:5RsPhl4fghN87YrZI0wMCp,026acc5a18a94f2bb1097778a32a4dae,2026-04-10T09:27:52Z,1,,c898d590c85d493c92ecc2d59758ace3
spotify:track:6bQnOz8JvXoWD8gvfr0aHo,026acc5a18a94f2bb1097778a32a4dae,2026-04-10T09:27:52Z,1,,c898d590c85d493c92ecc2d59758ace3
spotify:track:7bbsPLvwSDRTG0GSHSnKdF,026acc5a18a94f2bb1097778a32a4dae,2026-04-10T09:27:52Z,5,"Got to give this points as it's fundamentally the same idea I had (first, I hope).

If I'd been smarter, I'd have even picked this version so that Music League actually detected a clash.

I wish I felt as good about my country as the Welsh (rightfully so) do. ",c898d590c85d493c92ecc2d59758ace3
spotify:track:7F8RUqN5CfijxoXEAeChen,026acc5a18a94f2bb1097778a32a4dae,2026-04-10T09:27:52Z,0,I was introduced to this by Gav's running playlists. Genuinely gives me goosebumps when I hear it.,c898d590c85d493c92ecc2d59758ace3
spotify:track:0BC7D8kbG7jbLpHjLyNWhm,1af891d6b3bf4540a518ddd5b310e3b9,2026-04-10T09:48:58Z,1,Good humour. ,c898d590c85d493c92ecc2d59758ace3
spotify:track:088rqJPWOzG91aoR9IqwKC,1af891d6b3bf4540a518ddd5b310e3b9,2026-04-10T09:48:58Z,1,"That's some real Rick Rescorla shit. 

I think giving this points automatically reports me to Prevent. ",c898d590c85d493c92ecc2d59758ace3
spotify:track:7F8RUqN5CfijxoXEAeChen,1af891d6b3bf4540a518ddd5b310e3b9,2026-04-10T09:48:58Z,1,,c898d590c85d493c92ecc2d59758ace3
spotify:track:7bbsPLvwSDRTG0GSHSnKdF,1af891d6b3bf4540a518ddd5b310e3b9,2026-04-10T09:48:58Z,1,,c898d590c85d493c92ecc2d59758ace3
spotify:track:6bQnOz8JvXoWD8gvfr0aHo,1af891d6b3bf4540a518ddd5b310e3b9,2026-04-10T09:48:58Z,1,,c898d590c85d493c92ecc2d59758ace3
spotify:track:2TrfJeL9x2ZEp1J4OpOGWf,1af891d6b3bf4540a518ddd5b310e3b9,2026-04-10T09:48:58Z,1,Didn't know I needed this. Lush.,c898d590c85d493c92ecc2d59758ace3
spotify:track:2DqpGqo8X1aJ1j7BRKP0xO,1af891d6b3bf4540a518ddd5b310e3b9,2026-04-10T09:48:58Z,1,Nicely done.,c898d590c85d493c92ecc2d59758ace3
spotify:track:122A23aRXkRm3pweoenMem,1af891d6b3bf4540a518ddd5b310e3b9,2026-04-10T09:48:58Z,0,Did you see they're taking down the Ianto shrine? ,c898d590c85d493c92ecc2d59758ace3
spotify:track:0yBtulrsV3HXyYt4bxNp7L,1af891d6b3bf4540a518ddd5b310e3b9,2026-04-10T09:48:58Z,2,,c898d590c85d493c92ecc2d59758ace3
spotify:track:7taXKYsHau2Hk7sN4zxDxk,1af891d6b3bf4540a518ddd5b310e3b9,2026-04-10T09:48:58Z,1,,c898d590c85d493c92ecc2d59758ace3
spotify:track:122A23aRXkRm3pweoenMem,b2fd357c852d458f8ea4fa557c68b37f,2026-04-10T12:40:54Z,2,,c898d590c85d493c92ecc2d59758ace3
spotify:track:2DqpGqo8X1aJ1j7BRKP0xO,b2fd357c852d458f8ea4fa557c68b37f,2026-04-10T12:40:54Z,2,"This is the kind of creative submission I wish I could have pulled out.

Solid track too.",c898d590c85d493c92ecc2d59758ace3
spotify:track:4rjLETqzIS7Jy9LP6yZyo0,b2fd357c852d458f8ea4fa557c68b37f,2026-04-10T12:40:54Z,3,,c898d590c85d493c92ecc2d59758ace3
spotify:track:088rqJPWOzG91aoR9IqwKC,b2fd357c852d458f8ea4fa557c68b37f,2026-04-10T12:40:54Z,0,"Book your minicab, for the sake of anyone who may be subjected to this if you don't",c898d590c85d493c92ecc2d59758ace3
spotify:track:0BC7D8kbG7jbLpHjLyNWhm,b2fd357c852d458f8ea4fa557c68b37f,2026-04-10T12:40:54Z,3,,c898d590c85d493c92ecc2d59758ace3
spotify:track:7bbsPLvwSDRTG0GSHSnKdF,b49a4cb5ad234418b3ff4bdfd2ab321f,2026-04-10T13:38:37Z,1,I'm so little Welsh it doesn't count (Like 1/16th) but this still managed to make me want to take up arms and tell my English brethren to fuck off.,c898d590c85d493c92ecc2d59758ace3
spotify:track:6ViiVLHU0I64Q9JQdF9NOV,b49a4cb5ad234418b3ff4bdfd2ab321f,2026-04-10T13:38:37Z,1,,c898d590c85d493c92ecc2d59758ace3
spotify:track:5RsPhl4fghN87YrZI0wMCp,b49a4cb5ad234418b3ff4bdfd2ab321f,2026-04-10T13:38:37Z,0,Even the Welsh get it wrong sometimes.,c898d590c85d493c92ecc2d59758ace3
spotify:track:4rjLETqzIS7Jy9LP6yZyo0,b49a4cb5ad234418b3ff4bdfd2ab321f,2026-04-10T13:38:37Z,1,"This is your one allowed PSB track, Steve. You are however, still allowed a Pet Shop Boys track.",c898d590c85d493c92ecc2d59758ace3
spotify:track:2TrfJeL9x2ZEp1J4OpOGWf,b49a4cb5ad234418b3ff4bdfd2ab321f,2026-04-10T13:38:37Z,1,Your fiancé would have ended up on the Naughty Step.,c898d590c85d493c92ecc2d59758ace3
spotify:track:2DqpGqo8X1aJ1j7BRKP0xO,b49a4cb5ad234418b3ff4bdfd2ab321f,2026-04-10T13:38:37Z,1,"Both of them, at the same time.",c898d590c85d493c92ecc2d59758ace3
spotify:track:3AJ0TERUpofwM3fNxP9ZHN,b49a4cb5ad234418b3ff4bdfd2ab321f,2026-04-10T13:38:37Z,0,"Also if Gav doesn't like fish, that's worth a bonus point.",c898d590c85d493c92ecc2d59758ace3
spotify:track:2fBspxFEcwsg6DAP0SFSgl,b49a4cb5ad234418b3ff4bdfd2ab321f,2026-04-10T13:38:37Z,0,If Gav was the lead character in Disco Elysium.,c898d590c85d493c92ecc2d59758ace3
spotify:track:088rqJPWOzG91aoR9IqwKC,b49a4cb5ad234418b3ff4bdfd2ab321f,2026-04-10T13:38:37Z,1,Imagining Gav tearing up as he faces the direction of Wales and salutes.,c898d590c85d493c92ecc2d59758ace3
spotify:track:0yBtulrsV3HXyYt4bxNp7L,b49a4cb5ad234418b3ff4bdfd2ab321f,2026-04-10T13:38:37Z,1,And so does Gav.,c898d590c85d493c92ecc2d59758ace3
spotify:track:122A23aRXkRm3pweoenMem,b49a4cb5ad234418b3ff4bdfd2ab321f,2026-04-10T13:38:37Z,0,I bet Gav would have shagged the Cyberwoman.,c898d590c85d493c92ecc2d59758ace3
spotify:track:7taXKYsHau2Hk7sN4zxDxk,b49a4cb5ad234418b3ff4bdfd2ab321f,2026-04-10T13:38:37Z,1,,c898d590c85d493c92ecc2d59758ace3
spotify:track:7F8RUqN5CfijxoXEAeChen,b49a4cb5ad234418b3ff4bdfd2ab321f,2026-04-10T13:38:37Z,2,And this was just the slightly superior version with all the crowd joining in too.,c898d590c85d493c92ecc2d59758ace3
spotify:track:122A23aRXkRm3pweoenMem,5d67307c492249f2b00f7b3276919ef5,2026-04-11T21:44:45Z,1,It's nice to have some instrumentals in once in a while.,c898d590c85d493c92ecc2d59758ace3
spotify:track:6ViiVLHU0I64Q9JQdF9NOV,5d67307c492249f2b00f7b3276919ef5,2026-04-11T21:44:45Z,1,,c898d590c85d493c92ecc2d59758ace3
spotify:track:6bQnOz8JvXoWD8gvfr0aHo,5d67307c492249f2b00f7b3276919ef5,2026-04-11T21:44:45Z,1,,c898d590c85d493c92ecc2d59758ace3
spotify:track:5RsPhl4fghN87YrZI0wMCp,5d67307c492249f2b00f7b3276919ef5,2026-04-11T21:44:45Z,1,,c898d590c85d493c92ecc2d59758ace3
spotify:track:4rjLETqzIS7Jy9LP6yZyo0,5d67307c492249f2b00f7b3276919ef5,2026-04-11T21:44:45Z,1,,c898d590c85d493c92ecc2d59758ace3
spotify:track:3AJ0TERUpofwM3fNxP9ZHN,5d67307c492249f2b00f7b3276919ef5,2026-04-11T21:44:45Z,1,,c898d590c85d493c92ecc2d59758ace3
spotify:track:2fBspxFEcwsg6DAP0SFSgl,5d67307c492249f2b00f7b3276919ef5,2026-04-11T21:44:45Z,1,,c898d590c85d493c92ecc2d59758ace3
spotify:track:2DqpGqo8X1aJ1j7BRKP0xO,5d67307c492249f2b00f7b3276919ef5,2026-04-11T21:44:45Z,2,,c898d590c85d493c92ecc2d59758ace3
spotify:track:0yBtulrsV3HXyYt4bxNp7L,5d67307c492249f2b00f7b3276919ef5,2026-04-11T21:44:45Z,1,,c898d590c85d493c92ecc2d59758ace3
spotify:track:088rqJPWOzG91aoR9IqwKC,5d67307c492249f2b00f7b3276919ef5,2026-04-11T21:44:45Z,0,I had the volume up way too high when I put this on so I'm pretty sure my whole building heard it.,c898d590c85d493c92ecc2d59758ace3
spotify:track:6bQnOz8JvXoWD8gvfr0aHo,c9020fb4892a4c77aaeded2efd21f9b4,2026-04-11T23:09:41Z,1,,c898d590c85d493c92ecc2d59758ace3
spotify:track:689DTIE4YIRfuIUG58Z2H2,c9020fb4892a4c77aaeded2efd21f9b4,2026-04-11T23:09:41Z,1,,c898d590c85d493c92ecc2d59758ace3
spotify:track:0BC7D8kbG7jbLpHjLyNWhm,c9020fb4892a4c77aaeded2efd21f9b4,2026-04-11T23:09:41Z,1,,c898d590c85d493c92ecc2d59758ace3
spotify:track:122A23aRXkRm3pweoenMem,c9020fb4892a4c77aaeded2efd21f9b4,2026-04-11T23:09:41Z,3,,c898d590c85d493c92ecc2d59758ace3
spotify:track:4rjLETqzIS7Jy9LP6yZyo0,c9020fb4892a4c77aaeded2efd21f9b4,2026-04-11T23:09:41Z,3,,c898d590c85d493c92ecc2d59758ace3
spotify:track:3AJ0TERUpofwM3fNxP9ZHN,c9020fb4892a4c77aaeded2efd21f9b4,2026-04-11T23:09:41Z,1,,c898d590c85d493c92ecc2d59758ace3
spotify:track:2TrfJeL9x2ZEp1J4OpOGWf,f1c713e8e22f4674a449cc92e27d3930,2026-04-12T22:02:14Z,3,,c898d590c85d493c92ecc2d59758ace3
spotify:track:6ViiVLHU0I64Q9JQdF9NOV,f1c713e8e22f4674a449cc92e27d3930,2026-04-12T22:02:14Z,1,,c898d590c85d493c92ecc2d59758ace3
spotify:track:7F8RUqN5CfijxoXEAeChen,f1c713e8e22f4674a449cc92e27d3930,2026-04-12T22:02:14Z,1,,c898d590c85d493c92ecc2d59758ace3
spotify:track:7taXKYsHau2Hk7sN4zxDxk,f1c713e8e22f4674a449cc92e27d3930,2026-04-12T22:02:14Z,1,,c898d590c85d493c92ecc2d59758ace3
spotify:track:0BC7D8kbG7jbLpHjLyNWhm,f1c713e8e22f4674a449cc92e27d3930,2026-04-12T22:02:14Z,1,,c898d590c85d493c92ecc2d59758ace3
spotify:track:088rqJPWOzG91aoR9IqwKC,f1c713e8e22f4674a449cc92e27d3930,2026-04-12T22:02:14Z,2,,c898d590c85d493c92ecc2d59758ace3
spotify:track:7bbsPLvwSDRTG0GSHSnKdF,f1c713e8e22f4674a449cc92e27d3930,2026-04-12T22:02:14Z,1,,c898d590c85d493c92ecc2d59758ace3
spotify:track:7F8RUqN5CfijxoXEAeChen,d21152e7d3cd4a69b0951abdfe3e1480,2026-04-13T09:32:58Z,1,,c898d590c85d493c92ecc2d59758ace3
spotify:track:122A23aRXkRm3pweoenMem,d21152e7d3cd4a69b0951abdfe3e1480,2026-04-13T09:32:58Z,0,God Torchwood was pants wasn't it.,c898d590c85d493c92ecc2d59758ace3
spotify:track:088rqJPWOzG91aoR9IqwKC,d21152e7d3cd4a69b0951abdfe3e1480,2026-04-13T09:32:58Z,3,"I have never heard the actual words, I've just played it in brass bands",c898d590c85d493c92ecc2d59758ace3
spotify:track:4rjLETqzIS7Jy9LP6yZyo0,d21152e7d3cd4a69b0951abdfe3e1480,2026-04-13T09:32:58Z,2,,c898d590c85d493c92ecc2d59758ace3
spotify:track:6ViiVLHU0I64Q9JQdF9NOV,d21152e7d3cd4a69b0951abdfe3e1480,2026-04-13T09:32:58Z,3,I literally discounted this one because of the recording quality when I went through it,c898d590c85d493c92ecc2d59758ace3
spotify:track:7bbsPLvwSDRTG0GSHSnKdF,d21152e7d3cd4a69b0951abdfe3e1480,2026-04-13T09:32:58Z,1,,c898d590c85d493c92ecc2d59758ace3
spotify:track:122A23aRXkRm3pweoenMem,7794745d6a054a86b5f0cf46cd34fb54,2026-04-13T14:22:14Z,0,"The lyrics are ""Torchwoodmusicmusic, Torchwoodmusicmusic, Torchwoodmusicmusic""",c898d590c85d493c92ecc2d59758ace3
spotify:track:088rqJPWOzG91aoR9IqwKC,7794745d6a054a86b5f0cf46cd34fb54,2026-04-13T14:22:14Z,0,Ohhh I'm going to get ruined for being first in the list..,c898d590c85d493c92ecc2d59758ace3
spotify:track:0BC7D8kbG7jbLpHjLyNWhm,7794745d6a054a86b5f0cf46cd34fb54,2026-04-13T14:22:14Z,1,,c898d590c85d493c92ecc2d59758ace3
spotify:track:0yBtulrsV3HXyYt4bxNp7L,7794745d6a054a86b5f0cf46cd34fb54,2026-04-13T14:22:14Z,2,It is an ongoing travesty that the 1999 Margam Park gig isn't available as an album,c898d590c85d493c92ecc2d59758ace3
spotify:track:2TrfJeL9x2ZEp1J4OpOGWf,7794745d6a054a86b5f0cf46cd34fb54,2026-04-13T14:22:14Z,3,,c898d590c85d493c92ecc2d59758ace3
spotify:track:4rjLETqzIS7Jy9LP6yZyo0,7794745d6a054a86b5f0cf46cd34fb54,2026-04-13T14:22:14Z,0,"De-link fossil fuels from the renewable price index, Ed.",c898d590c85d493c92ecc2d59758ace3
spotify:track:689DTIE4YIRfuIUG58Z2H2,7794745d6a054a86b5f0cf46cd34fb54,2026-04-13T14:22:14Z,0,"No, it's the children who are wrong",c898d590c85d493c92ecc2d59758ace3
spotify:track:6ViiVLHU0I64Q9JQdF9NOV,7794745d6a054a86b5f0cf46cd34fb54,2026-04-13T14:22:14Z,2,Finding decent male  voice choir recording on Spotify always feels so difficult *cries in Trelawney's Army*,c898d590c85d493c92ecc2d59758ace3
spotify:track:7taXKYsHau2Hk7sN4zxDxk,7794745d6a054a86b5f0cf46cd34fb54,2026-04-13T14:22:14Z,2,Failed in Wales / Made From Whales etc...,c898d590c85d493c92ecc2d59758ace3
spotify:track:088rqJPWOzG91aoR9IqwKC,555c7be4f519498e97a6bf62888fb0df,2026-04-13T15:12:03Z,3,,c898d590c85d493c92ecc2d59758ace3
spotify:track:2DqpGqo8X1aJ1j7BRKP0xO,555c7be4f519498e97a6bf62888fb0df,2026-04-13T15:12:03Z,3,,c898d590c85d493c92ecc2d59758ace3
spotify:track:4rjLETqzIS7Jy9LP6yZyo0,555c7be4f519498e97a6bf62888fb0df,2026-04-13T15:12:03Z,1,,c898d590c85d493c92ecc2d59758ace3
spotify:track:689DTIE4YIRfuIUG58Z2H2,555c7be4f519498e97a6bf62888fb0df,2026-04-13T15:12:03Z,3,,c898d590c85d493c92ecc2d59758ace3
spotify:track:122A23aRXkRm3pweoenMem,0e033461ae5447c6b172e593d11ec57c,2026-04-13T17:25:43Z,0,Glad Ianto died. ,c898d590c85d493c92ecc2d59758ace3
spotify:track:13YEp0m9tyN3R7MhMnWda1,0e033461ae5447c6b172e593d11ec57c,2026-04-13T17:25:43Z,0,No. ,c898d590c85d493c92ecc2d59758ace3
spotify:track:2DqpGqo8X1aJ1j7BRKP0xO,0e033461ae5447c6b172e593d11ec57c,2026-04-13T17:25:43Z,0,I do not actually have memories of the bench so I can’t comment on this. ,c898d590c85d493c92ecc2d59758ace3
spotify:track:2fBspxFEcwsg6DAP0SFSgl,0e033461ae5447c6b172e593d11ec57c,2026-04-13T17:25:43Z,1,Love this! ,c898d590c85d493c92ecc2d59758ace3
spotify:track:2TrfJeL9x2ZEp1J4OpOGWf,0e033461ae5447c6b172e593d11ec57c,2026-04-13T17:25:43Z,1,Well done to your fiance! Word Gets Around is a perfect album. ,c898d590c85d493c92ecc2d59758ace3
spotify:track:3AJ0TERUpofwM3fNxP9ZHN,0e033461ae5447c6b172e593d11ec57c,2026-04-13T17:25:43Z,0,Not for me. ,c898d590c85d493c92ecc2d59758ace3
spotify:track:4rjLETqzIS7Jy9LP6yZyo0,0e033461ae5447c6b172e593d11ec57c,2026-04-13T17:25:43Z,1,I wish you could’ve seen my stupid little face when one of my favourite bands in the world announced they were making an album about Welsh miner’s strike. What a time to be me. I saw them do this live at Caerphilly Castle and they ended with a male voice choir singing the national anthem. Doesn’t get much better than that. ,c898d590c85d493c92ecc2d59758ace3
spotify:track:5RsPhl4fghN87YrZI0wMCp,0e033461ae5447c6b172e593d11ec57c,2026-04-13T17:25:43Z,1,I’d do murders for that viaduct. ,c898d590c85d493c92ecc2d59758ace3
spotify:track:689DTIE4YIRfuIUG58Z2H2,0e033461ae5447c6b172e593d11ec57c,2026-04-13T17:25:43Z,0,Bin juice. ,c898d590c85d493c92ecc2d59758ace3
spotify:track:6bQnOz8JvXoWD8gvfr0aHo,0e033461ae5447c6b172e593d11ec57c,2026-04-13T17:25:43Z,2,Fuckin LOVE Gwilym. ,c898d590c85d493c92ecc2d59758ace3
spotify:track:6ViiVLHU0I64Q9JQdF9NOV,0e033461ae5447c6b172e593d11ec57c,2026-04-13T17:25:43Z,0,This is a strong round and I’ve already given one double-up song points and I gotta be tough somewhere. ,c898d590c85d493c92ecc2d59758ace3
spotify:track:7bbsPLvwSDRTG0GSHSnKdF,0e033461ae5447c6b172e593d11ec57c,2026-04-13T17:25:43Z,1,Have a point for your tears ❤️,c898d590c85d493c92ecc2d59758ace3
spotify:track:7taXKYsHau2Hk7sN4zxDxk,0e033461ae5447c6b172e593d11ec57c,2026-04-13T17:25:43Z,0,This is a strong round and I’ve already given one double-up song points and I gotta be tough somewhere. ,c898d590c85d493c92ecc2d59758ace3
spotify:track:7F8RUqN5CfijxoXEAeChen,0e033461ae5447c6b172e593d11ec57c,2026-04-13T17:25:43Z,1,My voice is actually in this! ,c898d590c85d493c92ecc2d59758ace3
spotify:track:088rqJPWOzG91aoR9IqwKC,0e033461ae5447c6b172e593d11ec57c,2026-04-13T17:25:43Z,1,Fantastic story and I would like to subscribe to your newsletter. ,c898d590c85d493c92ecc2d59758ace3
spotify:track:0BC7D8kbG7jbLpHjLyNWhm,0e033461ae5447c6b172e593d11ec57c,2026-04-13T17:25:43Z,0,Best song on here not about coal. ,c898d590c85d493c92ecc2d59758ace3
spotify:track:0yBtulrsV3HXyYt4bxNp7L,0e033461ae5447c6b172e593d11ec57c,2026-04-13T17:25:43Z,1,Imagine not being Welsh?? I can’t. ,c898d590c85d493c92ecc2d59758ace3
spotify:track:5RsPhl4fghN87YrZI0wMCp,93455c46f7d945a187150fc527630db4,2026-04-13T20:23:09Z,0,No,c898d590c85d493c92ecc2d59758ace3
spotify:track:0BC7D8kbG7jbLpHjLyNWhm,93455c46f7d945a187150fc527630db4,2026-04-13T20:23:09Z,1,,c898d590c85d493c92ecc2d59758ace3
spotify:track:122A23aRXkRm3pweoenMem,93455c46f7d945a187150fc527630db4,2026-04-13T20:23:09Z,0,Oo wooo woo woooo,c898d590c85d493c92ecc2d59758ace3
spotify:track:13YEp0m9tyN3R7MhMnWda1,93455c46f7d945a187150fc527630db4,2026-04-13T20:23:09Z,3,Banger,c898d590c85d493c92ecc2d59758ace3
spotify:track:2fBspxFEcwsg6DAP0SFSgl,93455c46f7d945a187150fc527630db4,2026-04-13T20:23:09Z,2,Very pleasurable listen,c898d590c85d493c92ecc2d59758ace3
spotify:track:2TrfJeL9x2ZEp1J4OpOGWf,93455c46f7d945a187150fc527630db4,2026-04-13T20:23:09Z,1,Thoroughly enjoyed this,c898d590c85d493c92ecc2d59758ace3
spotify:track:4rjLETqzIS7Jy9LP6yZyo0,93455c46f7d945a187150fc527630db4,2026-04-13T20:23:09Z,2,"""People Will Always Need Asbestos""",c898d590c85d493c92ecc2d59758ace3
spotify:track:6bQnOz8JvXoWD8gvfr0aHo,93455c46f7d945a187150fc527630db4,2026-04-13T20:23:09Z,1,I dig this jaunty tune,c898d590c85d493c92ecc2d59758ace3
spotify:track:4rjLETqzIS7Jy9LP6yZyo0,975e00647b384c8abeb378da24a134f7,2026-04-13T21:18:25Z,5,,c898d590c85d493c92ecc2d59758ace3
spotify:track:3AJ0TERUpofwM3fNxP9ZHN,975e00647b384c8abeb378da24a134f7,2026-04-13T21:18:25Z,5,,c898d590c85d493c92ecc2d59758ace3
spotify:track:088rqJPWOzG91aoR9IqwKC,e4baba279a664e01b42eb740644f095c,2026-04-14T05:27:26Z,1,,c898d590c85d493c92ecc2d59758ace3
spotify:track:0BC7D8kbG7jbLpHjLyNWhm,e4baba279a664e01b42eb740644f095c,2026-04-14T05:27:26Z,1,,c898d590c85d493c92ecc2d59758ace3
spotify:track:0yBtulrsV3HXyYt4bxNp7L,e4baba279a664e01b42eb740644f095c,2026-04-14T05:27:26Z,1,,c898d590c85d493c92ecc2d59758ace3
spotify:track:13YEp0m9tyN3R7MhMnWda1,e4baba279a664e01b42eb740644f095c,2026-04-14T05:27:26Z,0,"Yes. Seattle of Ynys Mon. Portland, just down the road from Abergavenny. Oregon, Monmouthshire. 🤔",c898d590c85d493c92ecc2d59758ace3
spotify:track:2DqpGqo8X1aJ1j7BRKP0xO,e4baba279a664e01b42eb740644f095c,2026-04-14T05:27:26Z,1,I like where you've gone with this! ,c898d590c85d493c92ecc2d59758ace3
spotify:track:2fBspxFEcwsg6DAP0SFSgl,e4baba279a664e01b42eb740644f095c,2026-04-14T05:27:26Z,1,,c898d590c85d493c92ecc2d59758ace3
spotify:track:2TrfJeL9x2ZEp1J4OpOGWf,e4baba279a664e01b42eb740644f095c,2026-04-14T05:27:26Z,1,"Not sure how good Google translate deals with Welsh, given the last line of the chorus is apparently something to do with the cat scrambling little John ... ",c898d590c85d493c92ecc2d59758ace3
spotify:track:3AJ0TERUpofwM3fNxP9ZHN,e4baba279a664e01b42eb740644f095c,2026-04-14T05:27:26Z,1,"As someone who only knows Roger Waters from Pink Floyd, this feels like a bit of a departure, style wise, for him! ",c898d590c85d493c92ecc2d59758ace3
spotify:track:4rjLETqzIS7Jy9LP6yZyo0,e4baba279a664e01b42eb740644f095c,2026-04-14T05:27:26Z,1,"I mean, yeah. This music league has gotten me rather interested in PSB. Still no crab with a gun, though.

Also, it's a shame all the voice over seems to be entirely classic prim British BBC RP; not enough Welsh people on this track about Welsh coal!",c898d590c85d493c92ecc2d59758ace3
spotify:track:5RsPhl4fghN87YrZI0wMCp,e4baba279a664e01b42eb740644f095c,2026-04-14T05:27:26Z,0,"I know this is out of your control, but this one partly irritated me because apparently it's marked as children's content on YT Music, which means I can't listen to it without the 'full player' open. What? ",c898d590c85d493c92ecc2d59758ace3
spotify:track:689DTIE4YIRfuIUG58Z2H2,e4baba279a664e01b42eb740644f095c,2026-04-14T05:27:26Z,0,"Probably a failing on my part, but I'm not picking up what you're putting down. ",c898d590c85d493c92ecc2d59758ace3
spotify:track:6bQnOz8JvXoWD8gvfr0aHo,e4baba279a664e01b42eb740644f095c,2026-04-14T05:27:26Z,0,"A rainbow, the queens face cut out, what's not to love. ",c898d590c85d493c92ecc2d59758ace3
spotify:track:6ViiVLHU0I64Q9JQdF9NOV,e4baba279a664e01b42eb740644f095c,2026-04-14T05:27:26Z,1,"Not something I would necessarily pick, but I can't deny the power of this sung by thousands of Welsh rugby fans. ",c898d590c85d493c92ecc2d59758ace3
spotify:track:7bbsPLvwSDRTG0GSHSnKdF,e4baba279a664e01b42eb740644f095c,2026-04-14T05:27:26Z,0,'fraid I preferred the other version submitted,c898d590c85d493c92ecc2d59758ace3
spotify:track:7F8RUqN5CfijxoXEAeChen,e4baba279a664e01b42eb740644f095c,2026-04-14T05:27:26Z,1,"Having the stadium of voices in the background elevates this, really adds the communal spirit. ",c898d590c85d493c92ecc2d59758ace3
spotify:track:7taXKYsHau2Hk7sN4zxDxk,e4baba279a664e01b42eb740644f095c,2026-04-14T05:27:26Z,0,'fraid I preferred the other version submitted,c898d590c85d493c92ecc2d59758ace3
spotify:track:13YEp0m9tyN3R7MhMnWda1,6495e706501d405b96d5a435a5903ca7,2026-04-14T05:57:47Z,1,,c898d590c85d493c92ecc2d59758ace3
spotify:track:6bQnOz8JvXoWD8gvfr0aHo,6495e706501d405b96d5a435a5903ca7,2026-04-14T05:57:47Z,1,"Ooh, this is a nice summery one. 

Reminds me of trips to Swansea when it was sunny

Obligatory Cwîn-ies in the mud reference ",c898d590c85d493c92ecc2d59758ace3
spotify:track:5RsPhl4fghN87YrZI0wMCp,6495e706501d405b96d5a435a5903ca7,2026-04-14T05:57:47Z,1,"Read the translation alongside listening, a lovely little story 🐕🐕",c898d590c85d493c92ecc2d59758ace3
spotify:track:3AJ0TERUpofwM3fNxP9ZHN,6495e706501d405b96d5a435a5903ca7,2026-04-14T05:57:47Z,1,Lyrics on point,c898d590c85d493c92ecc2d59758ace3
spotify:track:2DqpGqo8X1aJ1j7BRKP0xO,6495e706501d405b96d5a435a5903ca7,2026-04-14T05:57:47Z,1,Nice,c898d590c85d493c92ecc2d59758ace3
spotify:track:088rqJPWOzG91aoR9IqwKC,6495e706501d405b96d5a435a5903ca7,2026-04-14T05:57:47Z,1,"Good, this feels definitively welsh.",c898d590c85d493c92ecc2d59758ace3
spotify:track:7taXKYsHau2Hk7sN4zxDxk,6495e706501d405b96d5a435a5903ca7,2026-04-14T05:57:47Z,1,"Just listened to the first submission for this song, so hungry for bread, I'm eating it up twice.   ",c898d590c85d493c92ecc2d59758ace3
spotify:track:7F8RUqN5CfijxoXEAeChen,6495e706501d405b96d5a435a5903ca7,2026-04-14T05:57:47Z,1,"This song is so cool, would love to give more but ran out of points 🖤",c898d590c85d493c92ecc2d59758ace3
spotify:track:7bbsPLvwSDRTG0GSHSnKdF,6495e706501d405b96d5a435a5903ca7,2026-04-14T05:57:47Z,1,Would love to give more points but you've been duplicated and I have ran out of points,c898d590c85d493c92ecc2d59758ace3
spotify:track:6ViiVLHU0I64Q9JQdF9NOV,6495e706501d405b96d5a435a5903ca7,2026-04-14T05:57:47Z,1,Big fan of this pick,c898d590c85d493c92ecc2d59758ace3
spotify:track:7F8RUqN5CfijxoXEAeChen,ec6e845efede4f3abfce9ac2b3254ff7,2026-04-14T06:50:23Z,1,,c898d590c85d493c92ecc2d59758ace3
spotify:track:2DqpGqo8X1aJ1j7BRKP0xO,ec6e845efede4f3abfce9ac2b3254ff7,2026-04-14T06:50:23Z,3,,c898d590c85d493c92ecc2d59758ace3
spotify:track:5RsPhl4fghN87YrZI0wMCp,ec6e845efede4f3abfce9ac2b3254ff7,2026-04-14T06:50:23Z,3,,c898d590c85d493c92ecc2d59758ace3
spotify:track:6bQnOz8JvXoWD8gvfr0aHo,ec6e845efede4f3abfce9ac2b3254ff7,2026-04-14T06:50:23Z,2,,c898d590c85d493c92ecc2d59758ace3
spotify:track:7bbsPLvwSDRTG0GSHSnKdF,ec6e845efede4f3abfce9ac2b3254ff7,2026-04-14T06:50:23Z,1,,c898d590c85d493c92ecc2d59758ace3
spotify:track:0ajTdSDasJHyu0LrlYggdh,c9020fb4892a4c77aaeded2efd21f9b4,2026-04-17T07:29:44Z,1,A vote for going with your heart,325fcc7fcc184fd89c0bbd6875fbc8d1
spotify:track:2iD6T3jOWVFDMdCrl3BWHM,c9020fb4892a4c77aaeded2efd21f9b4,2026-04-17T07:29:44Z,1,What a ridiculous cover of this song,325fcc7fcc184fd89c0bbd6875fbc8d1
spotify:track:3P1xzYd6oH5PweQzdJCcB9,c9020fb4892a4c77aaeded2efd21f9b4,2026-04-17T07:29:44Z,1,Yeah that feels like Australia,325fcc7fcc184fd89c0bbd6875fbc8d1
spotify:track:4LRduJenyc09KondssYObk,c9020fb4892a4c77aaeded2efd21f9b4,2026-04-17T07:29:44Z,2,Great tune and found audio? Public Service Broadcasting all over again!,325fcc7fcc184fd89c0bbd6875fbc8d1
spotify:track:5oD2Z1OOx1Tmcu2mc9sLY2,c9020fb4892a4c77aaeded2efd21f9b4,2026-04-17T07:29:44Z,2,Ok now THAT'S a short song,325fcc7fcc184fd89c0bbd6875fbc8d1
spotify:track:6rlnVshsRWZcrgNDhzvmEB,c9020fb4892a4c77aaeded2efd21f9b4,2026-04-17T07:29:44Z,1,,325fcc7fcc184fd89c0bbd6875fbc8d1
spotify:track:7LZ3ZDy2v57jt3a8tJGNPi,c9020fb4892a4c77aaeded2efd21f9b4,2026-04-17T07:29:44Z,2,,325fcc7fcc184fd89c0bbd6875fbc8d1
spotify:track:0ajTdSDasJHyu0LrlYggdh,1af891d6b3bf4540a518ddd5b310e3b9,2026-04-17T07:45:03Z,3,I need to listen to more Ayreon. I get them muddled up with Arion.,325fcc7fcc184fd89c0bbd6875fbc8d1
spotify:track:2m0ytBzREXLp0YL1MzkaSE,1af891d6b3bf4540a518ddd5b310e3b9,2026-04-17T07:45:03Z,1,,325fcc7fcc184fd89c0bbd6875fbc8d1
spotify:track:5oD2Z1OOx1Tmcu2mc9sLY2,1af891d6b3bf4540a518ddd5b310e3b9,2026-04-17T07:45:03Z,1,,325fcc7fcc184fd89c0bbd6875fbc8d1
spotify:track:6rlnVshsRWZcrgNDhzvmEB,1af891d6b3bf4540a518ddd5b310e3b9,2026-04-17T07:45:03Z,3,,325fcc7fcc184fd89c0bbd6875fbc8d1
spotify:track:7LZ3ZDy2v57jt3a8tJGNPi,1af891d6b3bf4540a518ddd5b310e3b9,2026-04-17T07:45:03Z,1,,325fcc7fcc184fd89c0bbd6875fbc8d1
spotify:track:7yauS2RTZt41o1dvcmFiJz,1af891d6b3bf4540a518ddd5b310e3b9,2026-04-17T07:45:03Z,1,,325fcc7fcc184fd89c0bbd6875fbc8d1
spotify:track:2m0ytBzREXLp0YL1MzkaSE,ec6e845efede4f3abfce9ac2b3254ff7,2026-04-17T08:16:48Z,1,,325fcc7fcc184fd89c0bbd6875fbc8d1
spotify:track:4LRduJenyc09KondssYObk,ec6e845efede4f3abfce9ac2b3254ff7,2026-04-17T08:16:48Z,2,,325fcc7fcc184fd89c0bbd6875fbc8d1
spotify:track:5oD2Z1OOx1Tmcu2mc9sLY2,ec6e845efede4f3abfce9ac2b3254ff7,2026-04-17T08:16:48Z,1,I was hoping this would end up here!,325fcc7fcc184fd89c0bbd6875fbc8d1
spotify:track:6rlnVshsRWZcrgNDhzvmEB,ec6e845efede4f3abfce9ac2b3254ff7,2026-04-17T08:16:48Z,1,,325fcc7fcc184fd89c0bbd6875fbc8d1
spotify:track:7eXTBoSQm3Xlp67cH2smXZ,ec6e845efede4f3abfce9ac2b3254ff7,2026-04-17T08:16:48Z,1,,325fcc7fcc184fd89c0bbd6875fbc8d1
spotify:track:7LZ3ZDy2v57jt3a8tJGNPi,ec6e845efede4f3abfce9ac2b3254ff7,2026-04-17T08:16:48Z,2,,325fcc7fcc184fd89c0bbd6875fbc8d1
spotify:track:7yauS2RTZt41o1dvcmFiJz,ec6e845efede4f3abfce9ac2b3254ff7,2026-04-17T08:16:48Z,2,,325fcc7fcc184fd89c0bbd6875fbc8d1
spotify:track:1L4GyKQouklbh1VtxVtZkL,b2fd357c852d458f8ea4fa557c68b37f,2026-04-17T09:03:42Z,2,,325fcc7fcc184fd89c0bbd6875fbc8d1
spotify:track:2m0ytBzREXLp0YL1MzkaSE,b2fd357c852d458f8ea4fa557c68b37f,2026-04-17T09:03:42Z,2,,325fcc7fcc184fd89c0bbd6875fbc8d1
spotify:track:3nwqTFSljgbk3zZWaLLkZ0,b2fd357c852d458f8ea4fa557c68b37f,2026-04-17T09:03:42Z,1,,325fcc7fcc184fd89c0bbd6875fbc8d1
spotify:track:6rlnVshsRWZcrgNDhzvmEB,b2fd357c852d458f8ea4fa557c68b37f,2026-04-17T09:03:42Z,1,,325fcc7fcc184fd89c0bbd6875fbc8d1
spotify:track:7LZ3ZDy2v57jt3a8tJGNPi,b2fd357c852d458f8ea4fa557c68b37f,2026-04-17T09:03:42Z,2,,325fcc7fcc184fd89c0bbd6875fbc8d1
spotify:track:7yauS2RTZt41o1dvcmFiJz,b2fd357c852d458f8ea4fa557c68b37f,2026-04-17T09:03:42Z,2,,325fcc7fcc184fd89c0bbd6875fbc8d1
spotify:track:0ajTdSDasJHyu0LrlYggdh,b49a4cb5ad234418b3ff4bdfd2ab321f,2026-04-17T10:07:03Z,2,You don't expect this to do well? Where do you think you are?,325fcc7fcc184fd89c0bbd6875fbc8d1
spotify:track:0r5fNYdvlZnn8AXdwvIt0e,b49a4cb5ad234418b3ff4bdfd2ab321f,2026-04-17T10:07:03Z,1,Feels like there's a few QOTSA that might fit the bill.,325fcc7fcc184fd89c0bbd6875fbc8d1
spotify:track:1L4GyKQouklbh1VtxVtZkL,b49a4cb5ad234418b3ff4bdfd2ab321f,2026-04-17T10:07:03Z,1,"If this was still the first league, I might have Naughty Stepped you for song re-use. But it's not, so I won't.",325fcc7fcc184fd89c0bbd6875fbc8d1
spotify:track:2iD6T3jOWVFDMdCrl3BWHM,b49a4cb5ad234418b3ff4bdfd2ab321f,2026-04-17T10:07:03Z,1,THEIR MOTHER WILL BE FOOOOOOUND.,325fcc7fcc184fd89c0bbd6875fbc8d1
spotify:track:2m0ytBzREXLp0YL1MzkaSE,b49a4cb5ad234418b3ff4bdfd2ab321f,2026-04-17T10:07:03Z,0,Paris. Memphis. San Francisco. Memphis. A Punk Club.,325fcc7fcc184fd89c0bbd6875fbc8d1
spotify:track:3nwqTFSljgbk3zZWaLLkZ0,b49a4cb5ad234418b3ff4bdfd2ab321f,2026-04-17T10:07:03Z,1,Fits the brief brief.,325fcc7fcc184fd89c0bbd6875fbc8d1
spotify:track:3tm3RJSNabk5X6JQvqSYvy,b49a4cb5ad234418b3ff4bdfd2ab321f,2026-04-17T10:07:03Z,0,Is it counted as an advantage or disadvantage when a third of the track is studio sounds?,325fcc7fcc184fd89c0bbd6875fbc8d1
spotify:track:5oD2Z1OOx1Tmcu2mc9sLY2,b49a4cb5ad234418b3ff4bdfd2ab321f,2026-04-17T10:07:03Z,1,"""If he does Orienteering With Napalm Death on you, it's over!""",325fcc7fcc184fd89c0bbd6875fbc8d1
spotify:track:755zbQMSIDhgXU7rlnj1LJ,b49a4cb5ad234418b3ff4bdfd2ab321f,2026-04-17T10:07:03Z,1,Could only be bested by Shane McMahon's theme.,325fcc7fcc184fd89c0bbd6875fbc8d1
spotify:track:7eXTBoSQm3Xlp67cH2smXZ,b49a4cb5ad234418b3ff4bdfd2ab321f,2026-04-17T10:07:03Z,0,Ruined the sandwich by putting lettuce and tomato in it. Naughty Step.,325fcc7fcc184fd89c0bbd6875fbc8d1
spotify:track:7LZ3ZDy2v57jt3a8tJGNPi,b49a4cb5ad234418b3ff4bdfd2ab321f,2026-04-17T10:07:03Z,1,This is a Steve or Joe song and you can't convince me otherwise.,325fcc7fcc184fd89c0bbd6875fbc8d1
spotify:track:7yauS2RTZt41o1dvcmFiJz,b49a4cb5ad234418b3ff4bdfd2ab321f,2026-04-17T10:07:03Z,1,Just proving my point from earlier.,325fcc7fcc184fd89c0bbd6875fbc8d1
spotify:track:0ajTdSDasJHyu0LrlYggdh,7794745d6a054a86b5f0cf46cd34fb54,2026-04-17T11:27:22Z,0,"Maybe it's the genre but this didn't self-contain enough, like a trailer it made me want more than it gave",325fcc7fcc184fd89c0bbd6875fbc8d1
spotify:track:0fQ9YHMzHRwa47N8th4wPY,7794745d6a054a86b5f0cf46cd34fb54,2026-04-17T11:27:22Z,0,I (genuinely) like that they had the space to do more but didn't feel the need to,325fcc7fcc184fd89c0bbd6875fbc8d1
spotify:track:0r5fNYdvlZnn8AXdwvIt0e,7794745d6a054a86b5f0cf46cd34fb54,2026-04-17T11:27:22Z,2,No yeah it's genuinely nice to have QOTSA you don't have to disappear into,325fcc7fcc184fd89c0bbd6875fbc8d1
spotify:track:1L4GyKQouklbh1VtxVtZkL,7794745d6a054a86b5f0cf46cd34fb54,2026-04-17T11:27:22Z,2,They crammed so much in that I had to check it hadn't gone over 2 mins,325fcc7fcc184fd89c0bbd6875fbc8d1
spotify:track:2m0ytBzREXLp0YL1MzkaSE,7794745d6a054a86b5f0cf46cd34fb54,2026-04-17T11:27:22Z,1,"Doesn't do much, does it? But it's got good interlude strength",325fcc7fcc184fd89c0bbd6875fbc8d1
spotify:track:3P1xzYd6oH5PweQzdJCcB9,7794745d6a054a86b5f0cf46cd34fb54,2026-04-17T11:27:22Z,2,Gotta do something when you're not on Smoko,325fcc7fcc184fd89c0bbd6875fbc8d1
spotify:track:3tm3RJSNabk5X6JQvqSYvy,7794745d6a054a86b5f0cf46cd34fb54,2026-04-17T11:27:22Z,0,"In another timeline this could be TMBG (if I had one more point I'd drop it here, sorry!)",325fcc7fcc184fd89c0bbd6875fbc8d1
spotify:track:4LRduJenyc09KondssYObk,7794745d6a054a86b5f0cf46cd34fb54,2026-04-17T11:27:22Z,1,"Don't know how to justify why I like this, or even if I should like it, but I do",325fcc7fcc184fd89c0bbd6875fbc8d1
spotify:track:5oD2Z1OOx1Tmcu2mc9sLY2,7794745d6a054a86b5f0cf46cd34fb54,2026-04-17T11:27:22Z,1,"You are technically correct, the best kind of correct.",325fcc7fcc184fd89c0bbd6875fbc8d1
spotify:track:6rlnVshsRWZcrgNDhzvmEB,7794745d6a054a86b5f0cf46cd34fb54,2026-04-17T11:27:22Z,0,"Actually going to a Mike from Scumface gig tonight. It's a short show, and he'll play all the hits. All of them.",325fcc7fcc184fd89c0bbd6875fbc8d1
spotify:track:7LZ3ZDy2v57jt3a8tJGNPi,7794745d6a054a86b5f0cf46cd34fb54,2026-04-17T11:27:22Z,1,[Vault Boy thumbs-up],325fcc7fcc184fd89c0bbd6875fbc8d1
spotify:track:7yauS2RTZt41o1dvcmFiJz,7794745d6a054a86b5f0cf46cd34fb54,2026-04-17T11:27:22Z,0,"Not going to naughty-step for two QOTSA, but the other is definitely more ""it"" for me",325fcc7fcc184fd89c0bbd6875fbc8d1
spotify:track:0r5fNYdvlZnn8AXdwvIt0e,026acc5a18a94f2bb1097778a32a4dae,2026-04-17T12:32:16Z,3,,325fcc7fcc184fd89c0bbd6875fbc8d1
spotify:track:1L4GyKQouklbh1VtxVtZkL,026acc5a18a94f2bb1097778a32a4dae,2026-04-17T12:32:16Z,1,,325fcc7fcc184fd89c0bbd6875fbc8d1
spotify:track:3tm3RJSNabk5X6JQvqSYvy,026acc5a18a94f2bb1097778a32a4dae,2026-04-17T12:32:16Z,1,,325fcc7fcc184fd89c0bbd6875fbc8d1
spotify:track:4LRduJenyc09KondssYObk,026acc5a18a94f2bb1097778a32a4dae,2026-04-17T12:32:16Z,1,,325fcc7fcc184fd89c0bbd6875fbc8d1
spotify:track:7eXTBoSQm3Xlp67cH2smXZ,026acc5a18a94f2bb1097778a32a4dae,2026-04-17T12:32:16Z,1,,325fcc7fcc184fd89c0bbd6875fbc8d1
spotify:track:7LZ3ZDy2v57jt3a8tJGNPi,026acc5a18a94f2bb1097778a32a4dae,2026-04-17T12:32:16Z,1,,325fcc7fcc184fd89c0bbd6875fbc8d1
spotify:track:7yauS2RTZt41o1dvcmFiJz,026acc5a18a94f2bb1097778a32a4dae,2026-04-17T12:32:16Z,2,,325fcc7fcc184fd89c0bbd6875fbc8d1
spotify:track:2iD6T3jOWVFDMdCrl3BWHM,5d67307c492249f2b00f7b3276919ef5,2026-04-17T17:19:52Z,1,"Apart from being a funny pick it does effectively tell you a short story, which I like.",325fcc7fcc184fd89c0bbd6875fbc8d1
spotify:track:2m0ytBzREXLp0YL1MzkaSE,5d67307c492249f2b00f7b3276919ef5,2026-04-17T17:19:52Z,1,,325fcc7fcc184fd89c0bbd6875fbc8d1
spotify:track:3nwqTFSljgbk3zZWaLLkZ0,5d67307c492249f2b00f7b3276919ef5,2026-04-17T17:19:52Z,1,,325fcc7fcc184fd89c0bbd6875fbc8d1
spotify:track:4LRduJenyc09KondssYObk,5d67307c492249f2b00f7b3276919ef5,2026-04-17T17:19:52Z,0,I am a bird and I say this song is the best TWEET TWEET,325fcc7fcc184fd89c0bbd6875fbc8d1
spotify:track:5oD2Z1OOx1Tmcu2mc9sLY2,5d67307c492249f2b00f7b3276919ef5,2026-04-17T17:19:52Z,1,Really pushing it to the extreme.,325fcc7fcc184fd89c0bbd6875fbc8d1
spotify:track:755zbQMSIDhgXU7rlnj1LJ,5d67307c492249f2b00f7b3276919ef5,2026-04-17T17:19:52Z,2,SILLY,325fcc7fcc184fd89c0bbd6875fbc8d1
spotify:track:7eXTBoSQm3Xlp67cH2smXZ,5d67307c492249f2b00f7b3276919ef5,2026-04-17T17:19:52Z,1,I picture this song playing over footage of someone's dog.,325fcc7fcc184fd89c0bbd6875fbc8d1
spotify:track:7LZ3ZDy2v57jt3a8tJGNPi,5d67307c492249f2b00f7b3276919ef5,2026-04-17T17:19:52Z,3,A jaunty tune. I will admit I love this album but I still think this song is top notch in this bracket.,325fcc7fcc184fd89c0bbd6875fbc8d1
spotify:track:0ajTdSDasJHyu0LrlYggdh,93455c46f7d945a187150fc527630db4,2026-04-17T19:45:55Z,0,I will be investigating these fools.,325fcc7fcc184fd89c0bbd6875fbc8d1
spotify:track:2iD6T3jOWVFDMdCrl3BWHM,93455c46f7d945a187150fc527630db4,2026-04-17T19:45:55Z,3,This is better than it has any right to be. Bonus points because I think this song scoring well will make people mad.,325fcc7fcc184fd89c0bbd6875fbc8d1
spotify:track:2m0ytBzREXLp0YL1MzkaSE,93455c46f7d945a187150fc527630db4,2026-04-17T19:45:55Z,0,"Did get a lauch because of how absurd it is, but too many good tracks this round.",325fcc7fcc184fd89c0bbd6875fbc8d1
spotify:track:3nwqTFSljgbk3zZWaLLkZ0,93455c46f7d945a187150fc527630db4,2026-04-17T19:45:55Z,1,Made me laugh!,325fcc7fcc184fd89c0bbd6875fbc8d1
spotify:track:4LRduJenyc09KondssYObk,93455c46f7d945a187150fc527630db4,2026-04-17T19:45:55Z,3,A scientific voice!,325fcc7fcc184fd89c0bbd6875fbc8d1
spotify:track:5oD2Z1OOx1Tmcu2mc9sLY2,93455c46f7d945a187150fc527630db4,2026-04-17T19:45:55Z,1,"The sound you make when you stub your toe, so accurate I'd say.",325fcc7fcc184fd89c0bbd6875fbc8d1
spotify:track:6rlnVshsRWZcrgNDhzvmEB,93455c46f7d945a187150fc527630db4,2026-04-17T19:45:55Z,1,A relatable feeling.,325fcc7fcc184fd89c0bbd6875fbc8d1
spotify:track:755zbQMSIDhgXU7rlnj1LJ,93455c46f7d945a187150fc527630db4,2026-04-17T19:45:55Z,0,"If you don't like this, you don't like comedy.",325fcc7fcc184fd89c0bbd6875fbc8d1
spotify:track:7LZ3ZDy2v57jt3a8tJGNPi,93455c46f7d945a187150fc527630db4,2026-04-17T19:45:55Z,1,This album in its entirety is so much fun.,325fcc7fcc184fd89c0bbd6875fbc8d1
spotify:track:0ajTdSDasJHyu0LrlYggdh,555c7be4f519498e97a6bf62888fb0df,2026-04-18T20:23:48Z,1,,325fcc7fcc184fd89c0bbd6875fbc8d1
spotify:track:0r5fNYdvlZnn8AXdwvIt0e,555c7be4f519498e97a6bf62888fb0df,2026-04-18T20:23:48Z,2,Because it’s another <2min QOTSA track,325fcc7fcc184fd89c0bbd6875fbc8d1
spotify:track:1L4GyKQouklbh1VtxVtZkL,555c7be4f519498e97a6bf62888fb0df,2026-04-18T20:23:48Z,3,"I saw these live because Joe mentioned them, reminded me of them, and I had one of my favourite pit experiences where I nearly binned it but about eight pairs of hands grabbed my arms and hauled me back to my feet just before I hit the ground ",325fcc7fcc184fd89c0bbd6875fbc8d1
spotify:track:5oD2Z1OOx1Tmcu2mc9sLY2,555c7be4f519498e97a6bf62888fb0df,2026-04-18T20:23:48Z,0,But why?,325fcc7fcc184fd89c0bbd6875fbc8d1
spotify:track:755zbQMSIDhgXU7rlnj1LJ,555c7be4f519498e97a6bf62888fb0df,2026-04-18T20:23:48Z,4,"You’re getting a shitload of points for Aesop Rock, who I’ve loved since Appleseed",325fcc7fcc184fd89c0bbd6875fbc8d1
spotify:track:0ajTdSDasJHyu0LrlYggdh,d21152e7d3cd4a69b0951abdfe3e1480,2026-04-18T20:35:05Z,1,Okay you can have a point,325fcc7fcc184fd89c0bbd6875fbc8d1
spotify:track:1L4GyKQouklbh1VtxVtZkL,d21152e7d3cd4a69b0951abdfe3e1480,2026-04-18T20:35:05Z,4,I still love this,325fcc7fcc184fd89c0bbd6875fbc8d1
spotify:track:2iD6T3jOWVFDMdCrl3BWHM,d21152e7d3cd4a69b0951abdfe3e1480,2026-04-18T20:35:05Z,0,SONIC HEROEEEEES,325fcc7fcc184fd89c0bbd6875fbc8d1
spotify:track:3nwqTFSljgbk3zZWaLLkZ0,d21152e7d3cd4a69b0951abdfe3e1480,2026-04-18T20:35:05Z,5,Its short!,325fcc7fcc184fd89c0bbd6875fbc8d1
spotify:track:0ajTdSDasJHyu0LrlYggdh,f1c713e8e22f4674a449cc92e27d3930,2026-04-19T22:04:56Z,1,,325fcc7fcc184fd89c0bbd6875fbc8d1
spotify:track:0r5fNYdvlZnn8AXdwvIt0e,f1c713e8e22f4674a449cc92e27d3930,2026-04-19T22:04:56Z,2,Seconding the 'nearly went with Yeah' sentiment,325fcc7fcc184fd89c0bbd6875fbc8d1
spotify:track:1L4GyKQouklbh1VtxVtZkL,f1c713e8e22f4674a449cc92e27d3930,2026-04-19T22:04:56Z,0,whoyouknow is 2:03,325fcc7fcc184fd89c0bbd6875fbc8d1
spotify:track:3P1xzYd6oH5PweQzdJCcB9,f1c713e8e22f4674a449cc92e27d3930,2026-04-19T22:04:56Z,2,,325fcc7fcc184fd89c0bbd6875fbc8d1
spotify:track:5oD2Z1OOx1Tmcu2mc9sLY2,f1c713e8e22f4674a449cc92e27d3930,2026-04-19T22:04:56Z,1,Shortest song gets a point,325fcc7fcc184fd89c0bbd6875fbc8d1
spotify:track:755zbQMSIDhgXU7rlnj1LJ,f1c713e8e22f4674a449cc92e27d3930,2026-04-19T22:04:56Z,1,Another successful Destroy and Exit,325fcc7fcc184fd89c0bbd6875fbc8d1
spotify:track:7LZ3ZDy2v57jt3a8tJGNPi,f1c713e8e22f4674a449cc92e27d3930,2026-04-19T22:04:56Z,2,,325fcc7fcc184fd89c0bbd6875fbc8d1
spotify:track:7yauS2RTZt41o1dvcmFiJz,f1c713e8e22f4674a449cc92e27d3930,2026-04-19T22:04:56Z,1,,325fcc7fcc184fd89c0bbd6875fbc8d1
spotify:track:0fQ9YHMzHRwa47N8th4wPY,e4baba279a664e01b42eb740644f095c,2026-04-20T08:43:43Z,2,"Should I be embarrassed about the fact that I haven't really watched any Futurama? 
Anyway, that is to say that you know these points aren't just because of some affinity to the associated show. ",325fcc7fcc184fd89c0bbd6875fbc8d1
spotify:track:0r5fNYdvlZnn8AXdwvIt0e,e4baba279a664e01b42eb740644f095c,2026-04-20T08:43:43Z,2,,325fcc7fcc184fd89c0bbd6875fbc8d1
spotify:track:1L4GyKQouklbh1VtxVtZkL,e4baba279a664e01b42eb740644f095c,2026-04-20T08:43:43Z,1,"I didn't give this points the last time it appeared on the docket, but it was a close thing, so here you go. ",325fcc7fcc184fd89c0bbd6875fbc8d1
spotify:track:2iD6T3jOWVFDMdCrl3BWHM,e4baba279a664e01b42eb740644f095c,2026-04-20T08:43:43Z,0,"This should be right up my alley, I listen to metal covers of video game music all the time, but for some reason this one didn't really gel with me. ",325fcc7fcc184fd89c0bbd6875fbc8d1
spotify:track:3nwqTFSljgbk3zZWaLLkZ0,e4baba279a664e01b42eb740644f095c,2026-04-20T08:43:43Z,0,"Short? Yes. 
Song? Maybe not.
Points? Not from me, I'm afraid. ",325fcc7fcc184fd89c0bbd6875fbc8d1
spotify:track:3P1xzYd6oH5PweQzdJCcB9,e4baba279a664e01b42eb740644f095c,2026-04-20T08:43:43Z,0,"This is another good example of what I don't enjoy about punk. They mostly seem pretty competent, apart from the singer; I can't tell if the off-key vocals is an 'artistic choice' or if he just can't sing. But then, production-wise, the bass tone sounds like it's been routed through some literal mud and the drummer sounds like he's being recorded on a mic on the other side of the room. Hard pass.",325fcc7fcc184fd89c0bbd6875fbc8d1
spotify:track:3tm3RJSNabk5X6JQvqSYvy,e4baba279a664e01b42eb740644f095c,2026-04-20T08:43:43Z,1,There's a nugget of something here; but then his own head distracted him and he just seemed to give up on it! ,325fcc7fcc184fd89c0bbd6875fbc8d1
spotify:track:4LRduJenyc09KondssYObk,e4baba279a664e01b42eb740644f095c,2026-04-20T08:43:43Z,1,"This has strong kids show vibes, but it's jaunty and I can't deny it. ",325fcc7fcc184fd89c0bbd6875fbc8d1
spotify:track:5oD2Z1OOx1Tmcu2mc9sLY2,e4baba279a664e01b42eb740644f095c,2026-04-20T08:43:43Z,0,"Just think of the time dedicated to this being released. They had to record it (fine, maybe they did it live in a room in one take, rather than recording each part individually), then someone had to mix it, then it got mastered. Apparently it got released as a single too, which means cover art, printing, distribution logistics. And they released a video. For this. Mind blowing.",325fcc7fcc184fd89c0bbd6875fbc8d1
spotify:track:6rlnVshsRWZcrgNDhzvmEB,e4baba279a664e01b42eb740644f095c,2026-04-20T08:43:43Z,0,This certainly sounds more competently produced than the other punk entry on the playlist.,325fcc7fcc184fd89c0bbd6875fbc8d1
spotify:track:755zbQMSIDhgXU7rlnj1LJ,e4baba279a664e01b42eb740644f095c,2026-04-20T08:43:43Z,1,"Joe, is this another test?
It says something about this playlist that this is getting a point off me, but I enjoyed the absurdist satire of how hip hop glorifies them dollar dollar bills, y'all.",325fcc7fcc184fd89c0bbd6875fbc8d1
spotify:track:7eXTBoSQm3Xlp67cH2smXZ,e4baba279a664e01b42eb740644f095c,2026-04-20T08:43:43Z,0,"I dunno man, I found this one rather dull.
Also, it's a little egregious to have a 30s fade-out on a 2min song ...  It's a quarter of the runtime!",325fcc7fcc184fd89c0bbd6875fbc8d1
spotify:track:7LZ3ZDy2v57jt3a8tJGNPi,e4baba279a664e01b42eb740644f095c,2026-04-20T08:43:43Z,1,Shining teeth is probably the least of his worries if he's going about kissing radiation sources! ,325fcc7fcc184fd89c0bbd6875fbc8d1
spotify:track:7yauS2RTZt41o1dvcmFiJz,e4baba279a664e01b42eb740644f095c,2026-04-20T08:43:43Z,1,"Definitely prefer the other QOTSA track on this list, but this is still pretty good.
Not sure how to feel about some of these lyrics, mind ... ",325fcc7fcc184fd89c0bbd6875fbc8d1
spotify:track:0r5fNYdvlZnn8AXdwvIt0e,04302c3f51ee440cbf9274f6430702ff,2026-04-20T09:14:29Z,1,,325fcc7fcc184fd89c0bbd6875fbc8d1
spotify:track:1L4GyKQouklbh1VtxVtZkL,04302c3f51ee440cbf9274f6430702ff,2026-04-20T09:14:29Z,1,"This should win, but I put it in a previous round and I feel TRAMPLED UPON so you get one point",325fcc7fcc184fd89c0bbd6875fbc8d1
spotify:track:2m0ytBzREXLp0YL1MzkaSE,04302c3f51ee440cbf9274f6430702ff,2026-04-20T09:14:29Z,0,What the hell was this,325fcc7fcc184fd89c0bbd6875fbc8d1
spotify:track:3nwqTFSljgbk3zZWaLLkZ0,04302c3f51ee440cbf9274f6430702ff,2026-04-20T09:14:29Z,1,I nearly put this in for fun - point!,325fcc7fcc184fd89c0bbd6875fbc8d1
spotify:track:3P1xzYd6oH5PweQzdJCcB9,04302c3f51ee440cbf9274f6430702ff,2026-04-20T09:14:29Z,1,"I will always be a sucker for someone saying ""Walked over to Maccas""",325fcc7fcc184fd89c0bbd6875fbc8d1
spotify:track:3tm3RJSNabk5X6JQvqSYvy,04302c3f51ee440cbf9274f6430702ff,2026-04-20T09:14:29Z,0,This so nearly got points until he started hissing,325fcc7fcc184fd89c0bbd6875fbc8d1
spotify:track:755zbQMSIDhgXU7rlnj1LJ,04302c3f51ee440cbf9274f6430702ff,2026-04-20T09:14:29Z,3,"A lot of fun lines in here, but ""an armful of clocks"" is just spectacular",325fcc7fcc184fd89c0bbd6875fbc8d1
spotify:track:7eXTBoSQm3Xlp67cH2smXZ,04302c3f51ee440cbf9274f6430702ff,2026-04-20T09:14:29Z,3,"I'm pretty sure this is Gav, and I once again feel bad for not looking into Mac DeMarco despite how many times you've implicitly told me to",325fcc7fcc184fd89c0bbd6875fbc8d1
spotify:track:7LZ3ZDy2v57jt3a8tJGNPi,04302c3f51ee440cbf9274f6430702ff,2026-04-20T09:14:29Z,0,I genuinely love this song,325fcc7fcc184fd89c0bbd6875fbc8d1
spotify:track:0ajTdSDasJHyu0LrlYggdh,6495e706501d405b96d5a435a5903ca7,2026-04-20T20:44:44Z,1,"Initially wasn't sure, but I like how dramatic this is",325fcc7fcc184fd89c0bbd6875fbc8d1
spotify:track:1L4GyKQouklbh1VtxVtZkL,6495e706501d405b96d5a435a5903ca7,2026-04-20T20:44:44Z,1,"De ja vu. I must say, this song has grown a bit more on me the second time around. ",325fcc7fcc184fd89c0bbd6875fbc8d1
spotify:track:2iD6T3jOWVFDMdCrl3BWHM,6495e706501d405b96d5a435a5903ca7,2026-04-20T20:44:44Z,0,Is this a safe place to admit I've never played Sonic Underground ,325fcc7fcc184fd89c0bbd6875fbc8d1
spotify:track:2m0ytBzREXLp0YL1MzkaSE,6495e706501d405b96d5a435a5903ca7,2026-04-20T20:44:44Z,2,"It feels illegal listening to this without wearing sunglasses

I wondered if this would have the same vibe if it was UK locations e.g. Wirral. Teesside. Stoke on Trent. Bath. York. Birmingham. Scunthorpe. ",325fcc7fcc184fd89c0bbd6875fbc8d1
spotify:track:3nwqTFSljgbk3zZWaLLkZ0,6495e706501d405b96d5a435a5903ca7,2026-04-20T20:44:44Z,0,It is indeed short,325fcc7fcc184fd89c0bbd6875fbc8d1
spotify:track:3P1xzYd6oH5PweQzdJCcB9,6495e706501d405b96d5a435a5903ca7,2026-04-20T20:44:44Z,2,"Oh naur! 
Wasn't sure at first, but starting to like this band - Spotify later played On Smoko and I really enjoyed it 
Is Nambored, like, ""Nah, I'm bored"" - if so, will be stealing this phrase. ",325fcc7fcc184fd89c0bbd6875fbc8d1
spotify:track:3tm3RJSNabk5X6JQvqSYvy,6495e706501d405b96d5a435a5903ca7,2026-04-20T20:44:44Z,2,Loving the snake impression.,325fcc7fcc184fd89c0bbd6875fbc8d1
spotify:track:4LRduJenyc09KondssYObk,6495e706501d405b96d5a435a5903ca7,2026-04-20T20:44:44Z,1,This is cheery. And now I want to teach a parakeet to talk,325fcc7fcc184fd89c0bbd6875fbc8d1
spotify:track:5oD2Z1OOx1Tmcu2mc9sLY2,6495e706501d405b96d5a435a5903ca7,2026-04-20T20:44:44Z,0,I appreciate how quick this is,325fcc7fcc184fd89c0bbd6875fbc8d1
spotify:track:6rlnVshsRWZcrgNDhzvmEB,6495e706501d405b96d5a435a5903ca7,2026-04-20T20:44:44Z,0,This man is very shouty. I may enjoy this more if I wasn't listening to this playlist immediately after a 13 hour shift.,325fcc7fcc184fd89c0bbd6875fbc8d1
spotify:track:755zbQMSIDhgXU7rlnj1LJ,6495e706501d405b96d5a435a5903ca7,2026-04-20T20:44:44Z,0,I have 0 money,325fcc7fcc184fd89c0bbd6875fbc8d1
spotify:track:7eXTBoSQm3Xlp67cH2smXZ,6495e706501d405b96d5a435a5903ca7,2026-04-20T20:44:44Z,0,"Wanted to enjoy this, may have just suffered for points due to the tempo whiplash from majority of the playlist. 


Also I'm now hungry for sandwich.",325fcc7fcc184fd89c0bbd6875fbc8d1
spotify:track:7LZ3ZDy2v57jt3a8tJGNPi,6495e706501d405b96d5a435a5903ca7,2026-04-20T20:44:44Z,0,"I do want to give points, but I've never been able to get into this genre personally. But I appreciate the chance to listen and to learn a bit more :).",325fcc7fcc184fd89c0bbd6875fbc8d1
spotify:track:7yauS2RTZt41o1dvcmFiJz,6495e706501d405b96d5a435a5903ca7,2026-04-20T20:44:44Z,1,Ohh QOTSA friend for the round :) ,325fcc7fcc184fd89c0bbd6875fbc8d1
spotify:track:0ajTdSDasJHyu0LrlYggdh,0e033461ae5447c6b172e593d11ec57c,2026-04-21T05:07:06Z,0,Bin juice. ,325fcc7fcc184fd89c0bbd6875fbc8d1
spotify:track:0fQ9YHMzHRwa47N8th4wPY,0e033461ae5447c6b172e593d11ec57c,2026-04-21T05:07:06Z,1,Absolute stunner.,325fcc7fcc184fd89c0bbd6875fbc8d1
spotify:track:0r5fNYdvlZnn8AXdwvIt0e,0e033461ae5447c6b172e593d11ec57c,2026-04-21T05:07:06Z,0,Absolute banger but it’s a strong round and there’s two QOTSA songs. ,325fcc7fcc184fd89c0bbd6875fbc8d1
spotify:track:1L4GyKQouklbh1VtxVtZkL,0e033461ae5447c6b172e593d11ec57c,2026-04-21T05:07:06Z,0,Submitting a song we’ve already had is the Music League Jail equivalent of being Fred West. ,325fcc7fcc184fd89c0bbd6875fbc8d1
spotify:track:2iD6T3jOWVFDMdCrl3BWHM,0e033461ae5447c6b172e593d11ec57c,2026-04-21T05:07:06Z,0,We need to start checking IDs. ,325fcc7fcc184fd89c0bbd6875fbc8d1
spotify:track:2m0ytBzREXLp0YL1MzkaSE,0e033461ae5447c6b172e593d11ec57c,2026-04-21T05:07:06Z,1,"Fuck, yes! ",325fcc7fcc184fd89c0bbd6875fbc8d1
spotify:track:3nwqTFSljgbk3zZWaLLkZ0,0e033461ae5447c6b172e593d11ec57c,2026-04-21T05:07:06Z,1,Gotta have a point for silliness. ,325fcc7fcc184fd89c0bbd6875fbc8d1
spotify:track:3P1xzYd6oH5PweQzdJCcB9,0e033461ae5447c6b172e593d11ec57c,2026-04-21T05:07:06Z,1,Bloody loved this! ,325fcc7fcc184fd89c0bbd6875fbc8d1
spotify:track:3tm3RJSNabk5X6JQvqSYvy,0e033461ae5447c6b172e593d11ec57c,2026-04-21T05:07:06Z,2,"Never heard this. Love this. 
",325fcc7fcc184fd89c0bbd6875fbc8d1
spotify:track:4LRduJenyc09KondssYObk,0e033461ae5447c6b172e593d11ec57c,2026-04-21T05:07:06Z,1,Just superb stuff! ,325fcc7fcc184fd89c0bbd6875fbc8d1
spotify:track:5oD2Z1OOx1Tmcu2mc9sLY2,0e033461ae5447c6b172e593d11ec57c,2026-04-21T05:07:06Z,1,So daft. Here’s a point. ,325fcc7fcc184fd89c0bbd6875fbc8d1
spotify:track:6rlnVshsRWZcrgNDhzvmEB,0e033461ae5447c6b172e593d11ec57c,2026-04-21T05:07:06Z,0,Quite noisy this one.,325fcc7fcc184fd89c0bbd6875fbc8d1
spotify:track:755zbQMSIDhgXU7rlnj1LJ,0e033461ae5447c6b172e593d11ec57c,2026-04-21T05:07:06Z,1,BANGER TOWN. ,325fcc7fcc184fd89c0bbd6875fbc8d1
spotify:track:7eXTBoSQm3Xlp67cH2smXZ,0e033461ae5447c6b172e593d11ec57c,2026-04-21T05:07:06Z,0,Best song on here not about snakes. ,325fcc7fcc184fd89c0bbd6875fbc8d1
spotify:track:7LZ3ZDy2v57jt3a8tJGNPi,0e033461ae5447c6b172e593d11ec57c,2026-04-21T05:07:06Z,1,Just lovely. ,325fcc7fcc184fd89c0bbd6875fbc8d1
spotify:track:7yauS2RTZt41o1dvcmFiJz,0e033461ae5447c6b172e593d11ec57c,2026-04-21T05:07:06Z,0,Absolute banger but it’s a strong round and there’s two QOTSA songs. ,325fcc7fcc184fd89c0bbd6875fbc8d1
spotify:track:07kdDrDug1s26RkiB06PZJ,c9020fb4892a4c77aaeded2efd21f9b4,2026-04-24T07:55:01Z,1,"Hard to believe it's been ten years since we lost him. Honestly gotta give this one some love cos yeah, David Bowie, David Fucking Bowie! I hope he heard it sometime.",66b843860ed94fc398206cfdebde3066
spotify:track:0IfjReTYtafqN3uCfO3Xva,c9020fb4892a4c77aaeded2efd21f9b4,2026-04-24T07:55:01Z,1,"Flag going up, gold medal around your neck at the Olympics, ""I just want another guuuurl"". Yeah, it could work.",66b843860ed94fc398206cfdebde3066
spotify:track:1x8tSDNiQQdGSljjcsOOus,c9020fb4892a4c77aaeded2efd21f9b4,2026-04-24T07:55:01Z,0,"No thanks but always love the word ""dirge""",66b843860ed94fc398206cfdebde3066
spotify:track:2Bz2Q1JNwwPj40T9AvzE7f,c9020fb4892a4c77aaeded2efd21f9b4,2026-04-24T07:55:01Z,0,"Let's not, yeah?",66b843860ed94fc398206cfdebde3066
spotify:track:47llw29VMRqLBcAZt0KmBQ,c9020fb4892a4c77aaeded2efd21f9b4,2026-04-24T07:55:01Z,0,Unfortunately now I have to compare this to the Wallace & Gromit theme! And that would have been fantastic.,66b843860ed94fc398206cfdebde3066
spotify:track:4b4QvL2BztFIZm9SGTKoGU,c9020fb4892a4c77aaeded2efd21f9b4,2026-04-24T07:55:01Z,1,I don't love it but it really nails the brief. Well done.,66b843860ed94fc398206cfdebde3066
spotify:track:59Id4KrBWiizuq53doxWtp,c9020fb4892a4c77aaeded2efd21f9b4,2026-04-24T07:55:01Z,1,"Lots of dirge talk this round. Love it! Great word, great Transformer.",66b843860ed94fc398206cfdebde3066
spotify:track:5V3ZFMfg2X04VZOHZSB0aE,c9020fb4892a4c77aaeded2efd21f9b4,2026-04-24T07:55:01Z,1,The irony gets you points. Well done. But fuck this is long.,66b843860ed94fc398206cfdebde3066
spotify:track:6BeyGKfd7D5WtrG080d3cA,c9020fb4892a4c77aaeded2efd21f9b4,2026-04-24T07:55:01Z,1,"Do you Poms sing the anthem before football matches like the Yanks sing theirs before bloody everything? Cos as you say it's odd, but it definitely creates a mood. It's not terrible!",66b843860ed94fc398206cfdebde3066
spotify:track:6ewN9MaFbi78oDLT9wYDgn,c9020fb4892a4c77aaeded2efd21f9b4,2026-04-24T07:55:01Z,0,"As I'm sure everyone will comment, as long as it's Steve's version.
""Spook-y noooise""",66b843860ed94fc398206cfdebde3066
spotify:track:6YhSGEQqbJ88RtARKhxgAc,c9020fb4892a4c77aaeded2efd21f9b4,2026-04-24T07:55:01Z,1,"I want to love IDLES but his voice just puts me off. Shame cos they're saying stuff folks should be hearing and the music's good. Good pick, even struggling. Well done.",66b843860ed94fc398206cfdebde3066
spotify:track:75D3n6wnFQmu1HVmLAlWM4,c9020fb4892a4c77aaeded2efd21f9b4,2026-04-24T07:55:01Z,1,"Spent the whole first verse having zero memory of the song, ready to object strongly to ""You already know them!"", then the chorus comes fucking crashing in like an avalanche of teenage nostalgia. Wow. I had buried this one DEEP.",66b843860ed94fc398206cfdebde3066
spotify:track:76MX4FN4cR1RgYHT6QYuwM,c9020fb4892a4c77aaeded2efd21f9b4,2026-04-24T07:55:01Z,2,This goes way harder than the lovely music would suggest. Wow.,66b843860ed94fc398206cfdebde3066
spotify:track:7g8cjrj0sXScNE727685JE,c9020fb4892a4c77aaeded2efd21f9b4,2026-04-24T07:55:01Z,0,I mean you're not wrong.,66b843860ed94fc398206cfdebde3066
spotify:track:0IfjReTYtafqN3uCfO3Xva,1af891d6b3bf4540a518ddd5b310e3b9,2026-04-24T09:14:38Z,1,,66b843860ed94fc398206cfdebde3066
spotify:track:54otluCUt7Pzvi8JC6aJE5,1af891d6b3bf4540a518ddd5b310e3b9,2026-04-24T09:14:38Z,1,,66b843860ed94fc398206cfdebde3066
spotify:track:59Id4KrBWiizuq53doxWtp,1af891d6b3bf4540a518ddd5b310e3b9,2026-04-24T09:14:38Z,3,Big Royal Marines Band Service doing I Vow To Thee My Country vibes in the area. Love it.,66b843860ed94fc398206cfdebde3066
spotify:track:5V3ZFMfg2X04VZOHZSB0aE,1af891d6b3bf4540a518ddd5b310e3b9,2026-04-24T09:14:38Z,1,,66b843860ed94fc398206cfdebde3066
spotify:track:6BeyGKfd7D5WtrG080d3cA,1af891d6b3bf4540a518ddd5b310e3b9,2026-04-24T09:14:38Z,3,Yes please. We can get a carnyx section in the crowds at sporting events.,66b843860ed94fc398206cfdebde3066
spotify:track:75D3n6wnFQmu1HVmLAlWM4,1af891d6b3bf4540a518ddd5b310e3b9,2026-04-24T09:14:38Z,1,,66b843860ed94fc398206cfdebde3066
spotify:track:07kdDrDug1s26RkiB06PZJ,026acc5a18a94f2bb1097778a32a4dae,2026-04-24T09:22:23Z,0,"God save the David Bowie.

But not like this.",66b843860ed94fc398206cfdebde3066
spotify:track:0IfjReTYtafqN3uCfO3Xva,026acc5a18a94f2bb1097778a32a4dae,2026-04-24T09:22:23Z,0,I feel like Billy is being very clear that he's more worried about his personal love life than the good of the nation.,66b843860ed94fc398206cfdebde3066
spotify:track:1x8tSDNiQQdGSljjcsOOus,026acc5a18a94f2bb1097778a32a4dae,2026-04-24T09:22:23Z,1,I can see this still being a bit dirgey played at the start of a football match.,66b843860ed94fc398206cfdebde3066
spotify:track:2Bz2Q1JNwwPj40T9AvzE7f,026acc5a18a94f2bb1097778a32a4dae,2026-04-24T09:22:23Z,0,"I love the Beastie Boys, but it's not screaming national anthem to me.",66b843860ed94fc398206cfdebde3066
spotify:track:47llw29VMRqLBcAZt0KmBQ,026acc5a18a94f2bb1097778a32a4dae,2026-04-24T09:22:23Z,1,"You get a bonus point for the album art.

I think you'd have mopped up with the W&G theme personally.",66b843860ed94fc398206cfdebde3066
spotify:track:4b4QvL2BztFIZm9SGTKoGU,026acc5a18a94f2bb1097778a32a4dae,2026-04-24T09:22:23Z,1,Honourable mention.,66b843860ed94fc398206cfdebde3066
spotify:track:54otluCUt7Pzvi8JC6aJE5,026acc5a18a94f2bb1097778a32a4dae,2026-04-24T09:22:23Z,2,Marking this as the best non-British national anthem here.,66b843860ed94fc398206cfdebde3066
spotify:track:59Id4KrBWiizuq53doxWtp,026acc5a18a94f2bb1097778a32a4dae,2026-04-24T09:22:23Z,0,I have to write the lyrics myself? That feels like phoning it in.,66b843860ed94fc398206cfdebde3066
spotify:track:6BeyGKfd7D5WtrG080d3cA,026acc5a18a94f2bb1097778a32a4dae,2026-04-24T09:22:23Z,0,Do parts of this sound incredibly like Foreplay/Longtime by Boston or is it me?,66b843860ed94fc398206cfdebde3066
spotify:track:6ewN9MaFbi78oDLT9wYDgn,026acc5a18a94f2bb1097778a32a4dae,2026-04-24T09:22:23Z,0,Previously submitted. That's a naughty step. ,66b843860ed94fc398206cfdebde3066
spotify:track:6YhSGEQqbJ88RtARKhxgAc,026acc5a18a94f2bb1097778a32a4dae,2026-04-24T09:22:23Z,1,"Does paint a good portrayal of village life.

Toodle-fucking-do.",66b843860ed94fc398206cfdebde3066
spotify:track:76MX4FN4cR1RgYHT6QYuwM,026acc5a18a94f2bb1097778a32a4dae,2026-04-24T09:22:23Z,3,Nailed it.,66b843860ed94fc398206cfdebde3066
spotify:track:7uvkMQ0fWddq9QlGkOtcO7,026acc5a18a94f2bb1097778a32a4dae,2026-04-24T09:22:23Z,1,Honourable mention.,66b843860ed94fc398206cfdebde3066
spotify:track:2Bz2Q1JNwwPj40T9AvzE7f,b2fd357c852d458f8ea4fa557c68b37f,2026-04-24T10:05:38Z,1,,66b843860ed94fc398206cfdebde3066
spotify:track:47llw29VMRqLBcAZt0KmBQ,b2fd357c852d458f8ea4fa557c68b37f,2026-04-24T10:05:38Z,1,,66b843860ed94fc398206cfdebde3066
spotify:track:4b4QvL2BztFIZm9SGTKoGU,b2fd357c852d458f8ea4fa557c68b37f,2026-04-24T10:05:38Z,1,,66b843860ed94fc398206cfdebde3066
spotify:track:54otluCUt7Pzvi8JC6aJE5,b2fd357c852d458f8ea4fa557c68b37f,2026-04-24T10:05:38Z,1,,66b843860ed94fc398206cfdebde3066
spotify:track:59Id4KrBWiizuq53doxWtp,b2fd357c852d458f8ea4fa557c68b37f,2026-04-24T10:05:38Z,1,"Alternatively to your pitch, maybe we don't need lyrics. What if instead of having to sing the national anthem we all just sort of listened to some music for a bit. Just a bit of a break.",66b843860ed94fc398206cfdebde3066
spotify:track:5V3ZFMfg2X04VZOHZSB0aE,b2fd357c852d458f8ea4fa557c68b37f,2026-04-24T10:05:38Z,1,,66b843860ed94fc398206cfdebde3066
spotify:track:6BeyGKfd7D5WtrG080d3cA,b2fd357c852d458f8ea4fa557c68b37f,2026-04-24T10:05:38Z,1,,66b843860ed94fc398206cfdebde3066
spotify:track:6ewN9MaFbi78oDLT9wYDgn,b2fd357c852d458f8ea4fa557c68b37f,2026-04-24T10:05:38Z,0,"NAUGHTY STEP

Banger track tho",66b843860ed94fc398206cfdebde3066
spotify:track:6YhSGEQqbJ88RtARKhxgAc,b2fd357c852d458f8ea4fa557c68b37f,2026-04-24T10:05:38Z,1,Pretty good for a struggle pick!,66b843860ed94fc398206cfdebde3066
spotify:track:75D3n6wnFQmu1HVmLAlWM4,b2fd357c852d458f8ea4fa557c68b37f,2026-04-24T10:05:38Z,1,Classic Banger!,66b843860ed94fc398206cfdebde3066
spotify:track:7g8cjrj0sXScNE727685JE,b2fd357c852d458f8ea4fa557c68b37f,2026-04-24T10:05:38Z,1,,66b843860ed94fc398206cfdebde3066
spotify:track:1x8tSDNiQQdGSljjcsOOus,ec6e845efede4f3abfce9ac2b3254ff7,2026-04-24T10:14:43Z,10,"I think this is absolutely perfect for the brief. It sounds like it could be a national anthem already and the lyrics are very evocative of England/Britain. Spot on, No notes!",66b843860ed94fc398206cfdebde3066
spotify:track:07kdDrDug1s26RkiB06PZJ,b49a4cb5ad234418b3ff4bdfd2ab321f,2026-04-24T13:07:25Z,1,"Almost overtakes 'Bowie' by Flight Of The Conchords as the best song about Bowie, and Bowie is absolutely one of our best exports.",66b843860ed94fc398206cfdebde3066
spotify:track:1x8tSDNiQQdGSljjcsOOus,b49a4cb5ad234418b3ff4bdfd2ab321f,2026-04-24T13:07:25Z,0,I don't care if nobody in the crowd could reach the notes.,66b843860ed94fc398206cfdebde3066
spotify:track:2Bz2Q1JNwwPj40T9AvzE7f,b49a4cb5ad234418b3ff4bdfd2ab321f,2026-04-24T13:07:25Z,1,"Well, well God save our gracious QUEEN
Long live our noble QUEEN
God save the QUEEN
Send her OHHHHH....VICTOOOORIOOOOOUS
Ha-p-p-y and GLORIOUS",66b843860ed94fc398206cfdebde3066
spotify:track:47llw29VMRqLBcAZt0KmBQ,b49a4cb5ad234418b3ff4bdfd2ab321f,2026-04-24T13:07:25Z,1,"I like it, but I'm not sure if the crowds could stumble along John Cooper-Clarke style with the verse.",66b843860ed94fc398206cfdebde3066
spotify:track:4b4QvL2BztFIZm9SGTKoGU,b49a4cb5ad234418b3ff4bdfd2ab321f,2026-04-24T13:07:25Z,1,Reform probably wrote this down verbatim as their manifesto without a hint of irony.,66b843860ed94fc398206cfdebde3066
spotify:track:54otluCUt7Pzvi8JC6aJE5,b49a4cb5ad234418b3ff4bdfd2ab321f,2026-04-24T13:07:25Z,1,You could have said this was the Australian National Anthem already and I'd probably believe you.,66b843860ed94fc398206cfdebde3066
spotify:track:59Id4KrBWiizuq53doxWtp,b49a4cb5ad234418b3ff4bdfd2ab321f,2026-04-24T13:07:25Z,1,"If The Powers That Be will insist on our National Anthem being 'classical music', let's at least change it up every time there's a new monarch or something.",66b843860ed94fc398206cfdebde3066
spotify:track:5V3ZFMfg2X04VZOHZSB0aE,b49a4cb5ad234418b3ff4bdfd2ab321f,2026-04-24T13:07:25Z,0,Unfortunately already one-upped by the existence of Fat Les' Vindaloo.,66b843860ed94fc398206cfdebde3066
spotify:track:6BeyGKfd7D5WtrG080d3cA,b49a4cb5ad234418b3ff4bdfd2ab321f,2026-04-24T13:07:25Z,1,My own pick mentions some of the pagan side of things too like wassailing. THE OLD WAYS REMAIN.,66b843860ed94fc398206cfdebde3066
spotify:track:6ewN9MaFbi78oDLT9wYDgn,b49a4cb5ad234418b3ff4bdfd2ab321f,2026-04-24T13:07:25Z,1,"Unofficially the anthem for about 45 years now, even if younger folks might not know it.",66b843860ed94fc398206cfdebde3066
spotify:track:75D3n6wnFQmu1HVmLAlWM4,b49a4cb5ad234418b3ff4bdfd2ab321f,2026-04-24T13:07:25Z,1,"Been a hot minute since I last listened to this album, but you what, I see the vision.",66b843860ed94fc398206cfdebde3066
spotify:track:76MX4FN4cR1RgYHT6QYuwM,b49a4cb5ad234418b3ff4bdfd2ab321f,2026-04-24T13:07:25Z,0,"Another stinging critique of the modern world, but I don't see the crowd joining in.",66b843860ed94fc398206cfdebde3066
spotify:track:7g8cjrj0sXScNE727685JE,b49a4cb5ad234418b3ff4bdfd2ab321f,2026-04-24T13:07:25Z,1,I still swear the main synth-line from this comes from a Commodore 64 game I used to play as a child.,66b843860ed94fc398206cfdebde3066
spotify:track:7uvkMQ0fWddq9QlGkOtcO7,b49a4cb5ad234418b3ff4bdfd2ab321f,2026-04-24T13:07:25Z,0,Short. Not too many words. Needs the title in the lyrics though for it to have won my vote.,66b843860ed94fc398206cfdebde3066
spotify:track:59Id4KrBWiizuq53doxWtp,f1c713e8e22f4674a449cc92e27d3930,2026-04-24T20:06:13Z,2,I really appreciate the research that went into this. I hope you are unsuccessful in your bid for the new national anthem because I quite like the Planets suite and I'd hate to have to stop listening to it.,66b843860ed94fc398206cfdebde3066
spotify:track:5V3ZFMfg2X04VZOHZSB0aE,f1c713e8e22f4674a449cc92e27d3930,2026-04-24T20:06:13Z,2,TPM are the only MCs,66b843860ed94fc398206cfdebde3066
spotify:track:6BeyGKfd7D5WtrG080d3cA,f1c713e8e22f4674a449cc92e27d3930,2026-04-24T20:06:13Z,1,𝔠𝔬𝔪𝔢 𝔲𝔭 𝔱𝔬 𝔱𝔥𝔢 𝔥𝔦𝔩𝔩,66b843860ed94fc398206cfdebde3066
spotify:track:6ewN9MaFbi78oDLT9wYDgn,f1c713e8e22f4674a449cc92e27d3930,2026-04-24T20:06:13Z,0,Fuck Graham Linehan.,66b843860ed94fc398206cfdebde3066
spotify:track:6YhSGEQqbJ88RtARKhxgAc,f1c713e8e22f4674a449cc92e27d3930,2026-04-24T20:06:13Z,1,"This happened to be on my freeplay lately, I liked it then and I like it now.",66b843860ed94fc398206cfdebde3066
spotify:track:75D3n6wnFQmu1HVmLAlWM4,f1c713e8e22f4674a449cc92e27d3930,2026-04-24T20:06:13Z,0,"I cannot in good faith give this even a single point, but very well played.",66b843860ed94fc398206cfdebde3066
spotify:track:76MX4FN4cR1RgYHT6QYuwM,f1c713e8e22f4674a449cc92e27d3930,2026-04-24T20:06:13Z,2,I suspect a race condition in a couple of weeks.,66b843860ed94fc398206cfdebde3066
spotify:track:7uvkMQ0fWddq9QlGkOtcO7,f1c713e8e22f4674a449cc92e27d3930,2026-04-24T20:06:13Z,2,"I never saw FOTL live because they cancelled their Belfast gig. I complained to mclusky, but..",66b843860ed94fc398206cfdebde3066
spotify:track:07kdDrDug1s26RkiB06PZJ,5d67307c492249f2b00f7b3276919ef5,2026-04-26T03:50:48Z,1,,66b843860ed94fc398206cfdebde3066
spotify:track:1x8tSDNiQQdGSljjcsOOus,5d67307c492249f2b00f7b3276919ef5,2026-04-26T03:50:48Z,0,"It sounds more like a lullaby to me. A nice one, but not anthem energy.",66b843860ed94fc398206cfdebde3066
spotify:track:2Bz2Q1JNwwPj40T9AvzE7f,5d67307c492249f2b00f7b3276919ef5,2026-04-26T03:50:48Z,0,This is my tough cut this round.,66b843860ed94fc398206cfdebde3066
spotify:track:4b4QvL2BztFIZm9SGTKoGU,5d67307c492249f2b00f7b3276919ef5,2026-04-26T03:50:48Z,1,,66b843860ed94fc398206cfdebde3066
spotify:track:54otluCUt7Pzvi8JC6aJE5,5d67307c492249f2b00f7b3276919ef5,2026-04-26T03:50:48Z,1,Is this a Ska?,66b843860ed94fc398206cfdebde3066
spotify:track:59Id4KrBWiizuq53doxWtp,5d67307c492249f2b00f7b3276919ef5,2026-04-26T03:50:48Z,1,I think there are only 1 or 2 national anthems without lyrics. And the gall to make it nearly 8 minutes long! I can't resist.,66b843860ed94fc398206cfdebde3066
spotify:track:5V3ZFMfg2X04VZOHZSB0aE,5d67307c492249f2b00f7b3276919ef5,2026-04-26T03:50:48Z,1,,66b843860ed94fc398206cfdebde3066
spotify:track:6BeyGKfd7D5WtrG080d3cA,5d67307c492249f2b00f7b3276919ef5,2026-04-26T03:50:48Z,1,,66b843860ed94fc398206cfdebde3066
spotify:track:6YhSGEQqbJ88RtARKhxgAc,5d67307c492249f2b00f7b3276919ef5,2026-04-26T03:50:48Z,1,,66b843860ed94fc398206cfdebde3066
spotify:track:75D3n6wnFQmu1HVmLAlWM4,5d67307c492249f2b00f7b3276919ef5,2026-04-26T03:50:48Z,1,,66b843860ed94fc398206cfdebde3066
spotify:track:76MX4FN4cR1RgYHT6QYuwM,5d67307c492249f2b00f7b3276919ef5,2026-04-26T03:50:48Z,1,,66b843860ed94fc398206cfdebde3066
spotify:track:7g8cjrj0sXScNE727685JE,5d67307c492249f2b00f7b3276919ef5,2026-04-26T03:50:48Z,1,,66b843860ed94fc398206cfdebde3066
spotify:track:0IfjReTYtafqN3uCfO3Xva,555c7be4f519498e97a6bf62888fb0df,2026-04-26T05:04:06Z,2,,66b843860ed94fc398206cfdebde3066
spotify:track:4b4QvL2BztFIZm9SGTKoGU,555c7be4f519498e97a6bf62888fb0df,2026-04-26T05:04:06Z,1,,66b843860ed94fc398206cfdebde3066
spotify:track:54otluCUt7Pzvi8JC6aJE5,555c7be4f519498e97a6bf62888fb0df,2026-04-26T05:04:06Z,4,,66b843860ed94fc398206cfdebde3066
spotify:track:5V3ZFMfg2X04VZOHZSB0aE,555c7be4f519498e97a6bf62888fb0df,2026-04-26T05:04:06Z,1,,66b843860ed94fc398206cfdebde3066
spotify:track:6YhSGEQqbJ88RtARKhxgAc,555c7be4f519498e97a6bf62888fb0df,2026-04-26T05:04:06Z,2,,66b843860ed94fc398206cfdebde3066
spotify:track:75D3n6wnFQmu1HVmLAlWM4,0e033461ae5447c6b172e593d11ec57c,2026-04-26T19:42:21Z,0,ChatGPT choice. ,66b843860ed94fc398206cfdebde3066
spotify:track:07kdDrDug1s26RkiB06PZJ,0e033461ae5447c6b172e593d11ec57c,2026-04-26T19:42:21Z,0,Honking. ,66b843860ed94fc398206cfdebde3066
spotify:track:0IfjReTYtafqN3uCfO3Xva,0e033461ae5447c6b172e593d11ec57c,2026-04-26T19:42:21Z,0,Can’t bring myself to give anything with ‘England’ in the title a point. ,66b843860ed94fc398206cfdebde3066
spotify:track:1x8tSDNiQQdGSljjcsOOus,0e033461ae5447c6b172e593d11ec57c,2026-04-26T19:42:21Z,0,Better than God Save the Queen but that’s not hard is it? ,66b843860ed94fc398206cfdebde3066
spotify:track:2Bz2Q1JNwwPj40T9AvzE7f,0e033461ae5447c6b172e593d11ec57c,2026-04-26T19:42:21Z,0,Best song not about zombies. ,66b843860ed94fc398206cfdebde3066
spotify:track:47llw29VMRqLBcAZt0KmBQ,0e033461ae5447c6b172e593d11ec57c,2026-04-26T19:42:21Z,2,Got into these last year and I’m fuckin obsessed. I love this idea. ,66b843860ed94fc398206cfdebde3066
spotify:track:4b4QvL2BztFIZm9SGTKoGU,0e033461ae5447c6b172e593d11ec57c,2026-04-26T19:42:21Z,1,Lush! ,66b843860ed94fc398206cfdebde3066
spotify:track:54otluCUt7Pzvi8JC6aJE5,0e033461ae5447c6b172e593d11ec57c,2026-04-26T19:42:21Z,0,Bin juice. ,66b843860ed94fc398206cfdebde3066
spotify:track:59Id4KrBWiizuq53doxWtp,0e033461ae5447c6b172e593d11ec57c,2026-04-26T19:42:21Z,0,Not reading all that. ,66b843860ed94fc398206cfdebde3066
spotify:track:5V3ZFMfg2X04VZOHZSB0aE,0e033461ae5447c6b172e593d11ec57c,2026-04-26T19:42:21Z,2,Fuckin love this! ,66b843860ed94fc398206cfdebde3066
spotify:track:6BeyGKfd7D5WtrG080d3cA,0e033461ae5447c6b172e593d11ec57c,2026-04-26T19:42:21Z,0,Lot going on here. ,66b843860ed94fc398206cfdebde3066
spotify:track:6YhSGEQqbJ88RtARKhxgAc,0e033461ae5447c6b172e593d11ec57c,2026-04-26T19:42:21Z,0,"Yes, you did. ",66b843860ed94fc398206cfdebde3066
spotify:track:76MX4FN4cR1RgYHT6QYuwM,0e033461ae5447c6b172e593d11ec57c,2026-04-26T19:42:21Z,1,I thought this was gonna be a mess but I had a lovely time. ,66b843860ed94fc398206cfdebde3066
spotify:track:7g8cjrj0sXScNE727685JE,0e033461ae5447c6b172e593d11ec57c,2026-04-26T19:42:21Z,2,A Welsh football anthem! Love it! ,66b843860ed94fc398206cfdebde3066
spotify:track:7uvkMQ0fWddq9QlGkOtcO7,0e033461ae5447c6b172e593d11ec57c,2026-04-26T19:42:21Z,2,Banger town! ,66b843860ed94fc398206cfdebde3066
spotify:track:6ewN9MaFbi78oDLT9wYDgn,93455c46f7d945a187150fc527630db4,2026-04-26T20:59:08Z,0,"I'm sorry, I just can't ever hear this as anything but a jingle ever again",66b843860ed94fc398206cfdebde3066
spotify:track:5V3ZFMfg2X04VZOHZSB0aE,93455c46f7d945a187150fc527630db4,2026-04-26T20:59:08Z,0,My other choice was the Doctor Who theme song.,66b843860ed94fc398206cfdebde3066
spotify:track:4b4QvL2BztFIZm9SGTKoGU,93455c46f7d945a187150fc527630db4,2026-04-26T20:59:08Z,1,Got a laugh out of me for sure,66b843860ed94fc398206cfdebde3066
spotify:track:07kdDrDug1s26RkiB06PZJ,93455c46f7d945a187150fc527630db4,2026-04-26T20:59:08Z,1,I liked this,66b843860ed94fc398206cfdebde3066
spotify:track:0IfjReTYtafqN3uCfO3Xva,93455c46f7d945a187150fc527630db4,2026-04-26T20:59:08Z,1,,66b843860ed94fc398206cfdebde3066
spotify:track:47llw29VMRqLBcAZt0KmBQ,93455c46f7d945a187150fc527630db4,2026-04-26T20:59:08Z,2,,66b843860ed94fc398206cfdebde3066
spotify:track:2Bz2Q1JNwwPj40T9AvzE7f,93455c46f7d945a187150fc527630db4,2026-04-26T20:59:08Z,1,,66b843860ed94fc398206cfdebde3066
spotify:track:75D3n6wnFQmu1HVmLAlWM4,93455c46f7d945a187150fc527630db4,2026-04-26T20:59:08Z,1,,66b843860ed94fc398206cfdebde3066
spotify:track:1x8tSDNiQQdGSljjcsOOus,93455c46f7d945a187150fc527630db4,2026-04-26T20:59:08Z,2,Feels the most like a national anthem,66b843860ed94fc398206cfdebde3066
spotify:track:76MX4FN4cR1RgYHT6QYuwM,93455c46f7d945a187150fc527630db4,2026-04-26T20:59:08Z,1,,66b843860ed94fc398206cfdebde3066
spotify:track:7uvkMQ0fWddq9QlGkOtcO7,7794745d6a054a86b5f0cf46cd34fb54,2026-04-27T09:42:00Z,1,,66b843860ed94fc398206cfdebde3066
spotify:track:1x8tSDNiQQdGSljjcsOOus,7794745d6a054a86b5f0cf46cd34fb54,2026-04-27T09:42:00Z,2,,66b843860ed94fc398206cfdebde3066
spotify:track:2Bz2Q1JNwwPj40T9AvzE7f,7794745d6a054a86b5f0cf46cd34fb54,2026-04-27T09:42:00Z,1,,66b843860ed94fc398206cfdebde3066
spotify:track:59Id4KrBWiizuq53doxWtp,7794745d6a054a86b5f0cf46cd34fb54,2026-04-27T09:42:00Z,1,,66b843860ed94fc398206cfdebde3066
spotify:track:5V3ZFMfg2X04VZOHZSB0aE,7794745d6a054a86b5f0cf46cd34fb54,2026-04-27T09:42:00Z,1,,66b843860ed94fc398206cfdebde3066
spotify:track:6ewN9MaFbi78oDLT9wYDgn,7794745d6a054a86b5f0cf46cd34fb54,2026-04-27T09:42:00Z,1,,66b843860ed94fc398206cfdebde3066
spotify:track:75D3n6wnFQmu1HVmLAlWM4,7794745d6a054a86b5f0cf46cd34fb54,2026-04-27T09:42:00Z,2,,66b843860ed94fc398206cfdebde3066
spotify:track:76MX4FN4cR1RgYHT6QYuwM,7794745d6a054a86b5f0cf46cd34fb54,2026-04-27T09:42:00Z,1,,66b843860ed94fc398206cfdebde3066
spotify:track:0IfjReTYtafqN3uCfO3Xva,04302c3f51ee440cbf9274f6430702ff,2026-04-27T12:08:47Z,0,I can never take Bragg's voice seriously,66b843860ed94fc398206cfdebde3066
spotify:track:07kdDrDug1s26RkiB06PZJ,04302c3f51ee440cbf9274f6430702ff,2026-04-27T12:08:47Z,0,I was almost swayed by your point about school assemblies. Almost,66b843860ed94fc398206cfdebde3066
spotify:track:1x8tSDNiQQdGSljjcsOOus,04302c3f51ee440cbf9274f6430702ff,2026-04-27T12:08:47Z,1,Gets a point for making me think about how a crowd of pissed-up football fans would deal with this in a stadium,66b843860ed94fc398206cfdebde3066
spotify:track:2Bz2Q1JNwwPj40T9AvzE7f,04302c3f51ee440cbf9274f6430702ff,2026-04-27T12:08:47Z,0,"I had completely forgotten how much I like this song, but I have no idea how it fits the brief",66b843860ed94fc398206cfdebde3066
spotify:track:47llw29VMRqLBcAZt0KmBQ,04302c3f51ee440cbf9274f6430702ff,2026-04-27T12:08:47Z,2,There should be a genre name given to music by guys who basically just shout poetically at you. I liked this.,66b843860ed94fc398206cfdebde3066
spotify:track:4b4QvL2BztFIZm9SGTKoGU,04302c3f51ee440cbf9274f6430702ff,2026-04-27T12:08:47Z,0,I am positive that the Wrong People would take these lyrics way too seriously,66b843860ed94fc398206cfdebde3066
spotify:track:54otluCUt7Pzvi8JC6aJE5,04302c3f51ee440cbf9274f6430702ff,2026-04-27T12:08:47Z,1,Point for cruelly revealing my inherent Anglocentrism,66b843860ed94fc398206cfdebde3066
spotify:track:59Id4KrBWiizuq53doxWtp,04302c3f51ee440cbf9274f6430702ff,2026-04-27T12:08:47Z,2,"One point for this being a banger, one point for your frankly ludicrous amount of thought about it",66b843860ed94fc398206cfdebde3066
spotify:track:5V3ZFMfg2X04VZOHZSB0aE,04302c3f51ee440cbf9274f6430702ff,2026-04-27T12:08:47Z,2,I kind of forgot this was silly and just had a really nice time listening to it,66b843860ed94fc398206cfdebde3066
spotify:track:6BeyGKfd7D5WtrG080d3cA,04302c3f51ee440cbf9274f6430702ff,2026-04-27T12:08:47Z,0,Wanted this to stay as a spooky faraway folk song,66b843860ed94fc398206cfdebde3066
spotify:track:6ewN9MaFbi78oDLT9wYDgn,04302c3f51ee440cbf9274f6430702ff,2026-04-27T12:08:47Z,1,"Sorry but this song is about werewolves coming into your bedroom, not the country?",66b843860ed94fc398206cfdebde3066
spotify:track:76MX4FN4cR1RgYHT6QYuwM,04302c3f51ee440cbf9274f6430702ff,2026-04-27T12:08:47Z,0,Always a shock to remember Chumbawumba did other songs,66b843860ed94fc398206cfdebde3066
spotify:track:7g8cjrj0sXScNE727685JE,04302c3f51ee440cbf9274f6430702ff,2026-04-27T12:08:47Z,1,"I know off the top of my head that this was on Now! That's What I Call Music 47, and I think that's proof if proof be need be that it's in the running",66b843860ed94fc398206cfdebde3066
spotify:track:4b4QvL2BztFIZm9SGTKoGU,6495e706501d405b96d5a435a5903ca7,2026-04-27T14:00:20Z,1,,66b843860ed94fc398206cfdebde3066
spotify:track:59Id4KrBWiizuq53doxWtp,6495e706501d405b96d5a435a5903ca7,2026-04-27T14:00:20Z,2,,66b843860ed94fc398206cfdebde3066
spotify:track:6BeyGKfd7D5WtrG080d3cA,6495e706501d405b96d5a435a5903ca7,2026-04-27T14:00:20Z,1,,66b843860ed94fc398206cfdebde3066
spotify:track:6ewN9MaFbi78oDLT9wYDgn,6495e706501d405b96d5a435a5903ca7,2026-04-27T14:00:20Z,1,You've got red on you,66b843860ed94fc398206cfdebde3066
spotify:track:6YhSGEQqbJ88RtARKhxgAc,6495e706501d405b96d5a435a5903ca7,2026-04-27T14:00:20Z,0,"Apologies for a bit of a downer of an entry. Forgot to submit in a timely manner and panicked. On reflection, being angry at previously living in a small village in a post-industrial region and the political/cultural fallout that grew from closure of several industries doesn't reflect the entire nation. 
 I'm glad the rest of the playlist is a bit cheerier. ",66b843860ed94fc398206cfdebde3066
spotify:track:76MX4FN4cR1RgYHT6QYuwM,6495e706501d405b96d5a435a5903ca7,2026-04-27T14:00:20Z,2,,66b843860ed94fc398206cfdebde3066
spotify:track:7g8cjrj0sXScNE727685JE,6495e706501d405b96d5a435a5903ca7,2026-04-27T14:00:20Z,2,,66b843860ed94fc398206cfdebde3066
spotify:track:7uvkMQ0fWddq9QlGkOtcO7,6495e706501d405b96d5a435a5903ca7,2026-04-27T14:00:20Z,1,,66b843860ed94fc398206cfdebde3066
spotify:track:7g8cjrj0sXScNE727685JE,e4baba279a664e01b42eb740644f095c,2026-04-27T15:47:50Z,1,I grant you. there IS something quite British about a crowd of people shouting 'Də də-də də-dəə!' along to this. ,66b843860ed94fc398206cfdebde3066
spotify:track:07kdDrDug1s26RkiB06PZJ,e4baba279a664e01b42eb740644f095c,2026-04-27T15:47:50Z,1,"I don't know that I have the same affinity for Mr Bowie as you do (or as Powerman 5000 do, for that matter), but I can get behind the intent to celebrate something.",66b843860ed94fc398206cfdebde3066
spotify:track:0IfjReTYtafqN3uCfO3Xva,e4baba279a664e01b42eb740644f095c,2026-04-27T15:47:50Z,0,"I mean ... the title and the chorus have 'England' in it.
I guess you can consider it more representative of the everyday concerns of the populace than what we currently have ...",66b843860ed94fc398206cfdebde3066
spotify:track:1x8tSDNiQQdGSljjcsOOus,e4baba279a664e01b42eb740644f095c,2026-04-27T15:47:50Z,2,"I'll be honest, it's still rather low-energy!
BUT, it's one of the few entries that is at least somewhat celebratory, rather than deeply cynical, so you gotta get something for that. I also like that it's grounded as an ode to _things_ that she loves that the country has produced; and not a whiff of a god or a monarch!",66b843860ed94fc398206cfdebde3066
spotify:track:2Bz2Q1JNwwPj40T9AvzE7f,e4baba279a664e01b42eb740644f095c,2026-04-27T15:47:50Z,0,"I can't rationalise really any part of this as British! And you've got far more confidence in the rhythmic capability of the British people than I do, if you expect them to attempt to sing along to this as a crowd.",66b843860ed94fc398206cfdebde3066
spotify:track:47llw29VMRqLBcAZt0KmBQ,e4baba279a664e01b42eb740644f095c,2026-04-27T15:47:50Z,1,"I can see where you're coming from with this, but it does feel a bit bleak!
I do quite like the imagery of defiance of the past in ""Kicking stones at yesterday's ghosts"", though.",66b843860ed94fc398206cfdebde3066
spotify:track:4b4QvL2BztFIZm9SGTKoGU,e4baba279a664e01b42eb740644f095c,2026-04-27T15:47:50Z,1,Points for positivity.,66b843860ed94fc398206cfdebde3066
spotify:track:54otluCUt7Pzvi8JC6aJE5,e4baba279a664e01b42eb740644f095c,2026-04-27T15:47:50Z,1,"There's something endearing about the 'take me as I am' messaging in this! A shame that the overriding message is that no-one like's 'em though.
What's with the super short Sweet Child o' Mine and Jump! references in the bridge?",66b843860ed94fc398206cfdebde3066
spotify:track:59Id4KrBWiizuq53doxWtp,e4baba279a664e01b42eb740644f095c,2026-04-27T15:47:50Z,0,"Oops. I meant to say ""... but lets not just re-do I Vow to Thee my Country ...""",66b843860ed94fc398206cfdebde3066
spotify:track:5V3ZFMfg2X04VZOHZSB0aE,e4baba279a664e01b42eb740644f095c,2026-04-27T15:47:50Z,0,"Hmm, I could sort of see this, but I'm sorry, it's just too dull. Also, we've done enough to Ireland, there's no need to appropriate their symbol of the harp as well!",66b843860ed94fc398206cfdebde3066
spotify:track:6BeyGKfd7D5WtrG080d3cA,e4baba279a664e01b42eb740644f095c,2026-04-27T15:47:50Z,3,"Yep, embrace the weirdness. This is a good track to get you hyped up for ... I dunno, some olympics or the rugby or something. There's some real scope to add some lyrics to the musical half of this, too.",66b843860ed94fc398206cfdebde3066
spotify:track:6ewN9MaFbi78oDLT9wYDgn,e4baba279a664e01b42eb740644f095c,2026-04-27T15:47:50Z,0,"Kingdom. 
The United Kingdom.
Ol' King Charlie creeping into your bedroom ...",66b843860ed94fc398206cfdebde3066
spotify:track:6YhSGEQqbJ88RtARKhxgAc,e4baba279a664e01b42eb740644f095c,2026-04-27T15:47:50Z,0,"Accurate as it might well be in many villages, it's hardly something we wanna celebrate! ",66b843860ed94fc398206cfdebde3066
spotify:track:75D3n6wnFQmu1HVmLAlWM4,e4baba279a664e01b42eb740644f095c,2026-04-27T15:47:50Z,0,"I feel like there's probably a fairly narrow age-group of people who'd love this idea. I'm from that age group, but I've never really enjoyed this brand of shouty indie-rock.
I feel like we can be a little more aspirational than police brutality, binge drinking and drunken violence.",66b843860ed94fc398206cfdebde3066
spotify:track:76MX4FN4cR1RgYHT6QYuwM,e4baba279a664e01b42eb740644f095c,2026-04-27T15:47:50Z,0,This is the group responsible for tubthumping?! What happened?,66b843860ed94fc398206cfdebde3066
spotify:track:7uvkMQ0fWddq9QlGkOtcO7,e4baba279a664e01b42eb740644f095c,2026-04-27T15:47:50Z,0,"I'm not sure I truly understand what this song is trying to say (despite the title ...). Either way, like our current anthem, this feels like too much of a dirge for a singalong ...",66b843860ed94fc398206cfdebde3066
spotify:track:07kdDrDug1s26RkiB06PZJ,d21152e7d3cd4a69b0951abdfe3e1480,2026-04-27T16:00:20Z,0,"I like the sentiment, but sadly I don't agree that this would be a good national anthem.",66b843860ed94fc398206cfdebde3066
spotify:track:59Id4KrBWiizuq53doxWtp,d21152e7d3cd4a69b0951abdfe3e1480,2026-04-27T16:00:20Z,0,"Once when I was walking home from a choir concert I'd just finished, a car went past me blaring this at top volume and I still talk about this event 10 years later.

Also this reminded me that I've never seen the Planets performed live and apparently it's going to be performed nearby.",66b843860ed94fc398206cfdebde3066
spotify:track:7uvkMQ0fWddq9QlGkOtcO7,d21152e7d3cd4a69b0951abdfe3e1480,2026-04-27T16:00:20Z,0,"Agree with the ethos, wouldn't work at a sporting event.",66b843860ed94fc398206cfdebde3066
spotify:track:7g8cjrj0sXScNE727685JE,d21152e7d3cd4a69b0951abdfe3e1480,2026-04-27T16:00:20Z,5,I hate that I like this idea so much.,66b843860ed94fc398206cfdebde3066
spotify:track:76MX4FN4cR1RgYHT6QYuwM,d21152e7d3cd4a69b0951abdfe3e1480,2026-04-27T16:00:20Z,0,"Someone submitted Jupiter, I could have gotten away with Bellamy after all.",66b843860ed94fc398206cfdebde3066
spotify:track:75D3n6wnFQmu1HVmLAlWM4,d21152e7d3cd4a69b0951abdfe3e1480,2026-04-27T16:00:20Z,0,"To convince people to go to university as part of the Aim Higher initiative, they wrote a parody of this which was ""Too early to retire, I should Aim Higher"". This isn't relevant or useful, but it takes up valuable space in my brain so you can have it too.",66b843860ed94fc398206cfdebde3066
spotify:track:6YhSGEQqbJ88RtARKhxgAc,d21152e7d3cd4a69b0951abdfe3e1480,2026-04-27T16:00:20Z,0,Another banger that I'd love to give points to but can't because of the theme.,66b843860ed94fc398206cfdebde3066
spotify:track:6ewN9MaFbi78oDLT9wYDgn,d21152e7d3cd4a69b0951abdfe3e1480,2026-04-27T16:00:20Z,0,GHOSTS AND GHOULS WITH TEETH COMING INTO YOUR BEDROOM,66b843860ed94fc398206cfdebde3066
spotify:track:6BeyGKfd7D5WtrG080d3cA,d21152e7d3cd4a69b0951abdfe3e1480,2026-04-27T16:00:20Z,0,This is a banger. I wish I could give it points.,66b843860ed94fc398206cfdebde3066
spotify:track:5V3ZFMfg2X04VZOHZSB0aE,d21152e7d3cd4a69b0951abdfe3e1480,2026-04-27T16:00:20Z,0,Wat.,66b843860ed94fc398206cfdebde3066
spotify:track:0IfjReTYtafqN3uCfO3Xva,d21152e7d3cd4a69b0951abdfe3e1480,2026-04-27T16:00:20Z,3,"Oh Billy, I love how bad a singer you are.",66b843860ed94fc398206cfdebde3066
spotify:track:1x8tSDNiQQdGSljjcsOOus,d21152e7d3cd4a69b0951abdfe3e1480,2026-04-27T16:00:20Z,0,"""England needs its own one that isn't a fucking dirge"" -> *submits a Kate Bush dirge*",66b843860ed94fc398206cfdebde3066
spotify:track:2Bz2Q1JNwwPj40T9AvzE7f,d21152e7d3cd4a69b0951abdfe3e1480,2026-04-27T16:00:20Z,0,If someone tried to do this before the Rugby World Cup I'd just laugh at them.,66b843860ed94fc398206cfdebde3066
spotify:track:4b4QvL2BztFIZm9SGTKoGU,d21152e7d3cd4a69b0951abdfe3e1480,2026-04-27T16:00:20Z,2,,66b843860ed94fc398206cfdebde3066
spotify:track:54otluCUt7Pzvi8JC6aJE5,d21152e7d3cd4a69b0951abdfe3e1480,2026-04-27T16:00:20Z,0,This is a bop. A bopgan.,66b843860ed94fc398206cfdebde3066
